trade_code,name
6,西部利得量化成长混合
17,财通可持续混合
20,景顺长城品质投资混合
21,华夏优势增长混合
28,华富保本混合
30,长城久利保本混合
31,华夏复兴混合
39,农银高增长混合
42,中证财通可持续发展100指数A
43,嘉实美国成长股票
44,嘉实美国成长股票现汇
49,中银标普全球资源等权重指数
56,建信消费升级混合
57,中银消费主题混合
58,国联安保本混合
61,华夏盛世混合
63,长盛电子信息主题灵活配置混合
65,国富焦点驱动混合
66,诺安鸿鑫保本混合
72,华安保本混合
82,嘉实研究阿尔法股票
83,汇添富消费行业混合
110,金鹰元安混合A
117,广发轮动配置混合
120,中银美丽中国混合
121,华夏永福混合A
124,华宝服务优选混合
126,招商安润保本混合
127,农银行业领先混合
136,民生加银策略精选混合
142,融通通泰保本混合A
165,国投瑞银策略精选混合
166,中海策略精选灵活配置混合
167,广发聚优灵活配置混合A
172,华泰柏瑞量化增强混合A
173,汇添富美丽30混合
176,嘉实沪深300指数研究增强
179,广发美国房地产指数
180,广发美国房地产指数现汇
190,中银新回报灵活配置混合
195,工银保本3号混合A
196,工银保本3号混合B
199,国泰量化策略收益混合
209,信诚新兴产业混合
214,广发成长优选混合
220,富国医疗保健行业混合
241,宝盈核心优势混合C
242,景顺长城策略精选灵活配置混合
251,工银金融地产混合
256,上投摩根红利回报混合A
259,农银区间收益混合
263,工银信息产业混合
264,博时内需增长混合
270,建信安心保本混合
273,华润元大安鑫灵活配置混合
279,华商红利优选混合
294,华安生态优先混合
308,建信创新中国混合
309,大摩品质生活精选股票
314,招商瑞丰灵活配置混合发起式
326,南方中小盘成长股票
327,南方新蓝筹混合
339,长城医疗保健混合
354,长盛城镇化主题混合
367,国泰安康定期支付混合A
368,汇添富沪深300安中指数
398,华富灵活配置混合
408,民生加银城镇化混合
409,鹏华环保产业股票
410,益民服务领先混合
414,嘉实绝对收益策略定期混合
417,国联安新精选混合
423,前海开源事件驱动混合A
431,鹏华品牌传承混合
432,中银优秀企业混合
433,安信鑫发优选混合
436,易方达裕惠定开混合发起式
452,南方医药保健灵活配置混合
462,农银主题轮动混合
471,富国城镇发展股票
477,广发主题领先混合
478,建信中证500指数增强A
480,东方红新动力混合
496,长安产业精选混合A
507,泰达宏利宏达混合A
508,泰达宏利宏达混合B
511,国泰国策驱动灵活配置混合A
512,国泰结构转型灵活配置混合A
513,富国高端制造行业股票
520,上银新兴价值成长混合
522,华润元大信息传媒科技混合
523,国投瑞银医疗保健混合
526,国泰浓益灵活配置混合A
527,南方新优享灵活配置混合A
529,广发竞争优势混合
530,招商丰盛稳定增长混合A
531,东吴阿尔法灵活配置混合
532,景顺长城优势企业混合
538,诺安优势行业混合A
541,华商创新成长混合发起式
545,中邮核心竞争力灵活配置混合
547,建信健康民生混合
549,华安大国新经济股票
550,广发新动力混合
551,信诚幸福消费混合
556,国投瑞银新机遇灵活配置混合A
557,国投瑞银新机遇灵活配置混合C
566,华泰柏瑞创新升级混合
567,广发聚祥灵活混合
571,中邮双动力混合
572,中银多策略混合
573,天弘通利混合
574,宝盈新价值混合
577,安信价值精选股票
584,新华鑫益灵活配置混合
585,嘉实对冲套利定期混合
586,景顺中小板创业板精选股票
587,大成灵活配置混合
589,光大银发商机混合
590,华安新活力混合
591,中银健康生活混合
592,建信改革红利股票
593,易方达标普消费品指数美元现汇A
594,大摩进取优选股票
595,嘉实泰和混合
596,前海开源中证军工指数A
597,中海积极收益混合
598,长盛生态环境混合
601,华宝创新优选混合
603,易方达创新驱动灵活配置混合
609,华商新量化灵活配置混合
612,华宝生态中国混合
619,东方红产业升级混合
628,大成高新技术产业股票
639,宝盈祥瑞混合
646,华润元大医疗保健量化混合
652,博时裕隆混合
654,华商新锐产业混合
656,前海开源沪深300指数
663,国投瑞银美丽中国混合
664,国联安通盈混合A
667,工银绝对收益混合发起A
672,工银绝对收益混合发起B
679,招商丰利灵活配置混合A
688,景顺长城研究精选股票
689,前海开源新经济混合
690,前海开源大海洋混合
695,大成景益平稳收益混合
696,汇添富环保行业股票
697,汇添富移动互联股票
698,宝盈科技30混合
706,中邮多策略灵活配置混合
708,华安安享混合
711,嘉实医疗保健股票
714,诺安稳健回报灵活配置混合
717,融通转型三动力灵活配置混合
727,融通健康产业灵活配置混合
729,建信中小盘先锋股票
742,国泰新经济灵活配置混合
743,红塔红土盛世普益混合发起式
746,招商行业精选股票基金
747,广发逆向策略混合
751,嘉实新兴产业股票
753,华宝量化对冲混合A
754,华宝量化对冲混合C
755,富安达新兴成长混合
756,建信潜力新蓝筹股票
757,华富智慧城市灵活配置混合
761,国富健康优质生活股票
762,汇添富绝对收益定开混合
763,工银新财富灵活配置混合
767,华富国泰民安灵活配置混合
778,鹏华先进制造股票
780,鹏华医疗保健股票
788,前海开源中国成长混合
793,工银高端制造股票
794,宝盈睿丰创新混合A/B
796,宝盈睿丰创新混合C
800,华商未来主题混合
803,工银研究精选股票
804,中信建投稳利混合A
805,中银新经济灵活配置混合
826,广发百发100指数A
827,广发百发100指数E
831,工银医疗保健股票
834,大成纳斯达克100指数
835,华润元大富时中国A50指数
841,富国新回报灵活配置混合A/
843,富国新回报灵活配置混合C
845,国投瑞银信息消费混合
849,汇丰晋信双核策略混合A
850,汇丰晋信双核策略混合C
866,华宝制造股票
867,华宝品质生活股票
870,嘉实新收益混合
877,华泰柏瑞量化优选混合
878,中海医药健康产业精选混合A
879,中海医药健康产业精选混合C
880,富国研究精选灵活配置混合
885,广发全球农业指数美元现汇
887,上投摩根稳进回报混合
892,九泰天宝灵活配置混合A
893,工银创新动力股票
894,中欧睿达定期开放混合
906,广发全球精选股票美元现汇
913,农银医疗保健股票
916,前海开源股息率100强股票
924,宝盈先进制造混合
925,汇添富外延增长主题股票
926,中信建投睿信灵活配置混合A
928,中融国企改革混合
932,前海开源睿远稳健增利混合A
933,前海开源睿远稳健增利混合C
934,国富大中华精选混合
936,博时产业新动力混合A
939,中银研究精选灵活配置混合
940,富国中小盘精选混合
945,华夏医疗健康混合A
946,华夏医疗健康混合C
953,国泰睿吉灵活配置混合A
954,国泰睿吉灵活配置混合C
960,招商医药健康产业股票
961,天弘沪深300指数A
962,天弘中证500指数A
963,兴业多策略混合
965,汇丰晋信新动力混合
966,中邮核心科技创新灵活配置混合
967,华泰柏瑞创新动力混合
968,广发养老指数A
969,前海开源大安全混合
970,东方红睿元混合
971,诺安新经济股票
972,新华万银策略灵活配置混合
974,安信消费医药股票
976,长城新兴产业混合
977,长城环保主题混合
978,景顺长城量化精选股票
979,景顺长城沪港深精选股票
985,嘉实逆向策略股票
988,嘉实全球互联网股票人民币
989,嘉实全球互联网股票美元现汇
990,嘉实全球互联网股票美元现钞
991,工银战略转型股票
992,广发对冲套利定期开放混合
993,华宝稳健回报混合
994,建信睿盈灵活配置混合A
995,建信睿盈灵活配置混合C
996,中银新动力股票
1000,中欧明睿新起点混合
1004,新华稳健回报混合发起式
1007,国联安鑫安灵活配置混合
1008,工银国企改革股票
1009,上投摩根安全战略股票
1014,中融融安混合
1015,华夏沪深300指数增强A
1016,华夏沪深300指数增强C
1017,泰达改革动力混合A
1018,易方达新经济混合
1021,华夏亚债中国指数A
1023,华夏亚债中国指数C
1027,前海开源中证大农业指数增强
1028,华安物联网主题股票
1036,嘉实企业变革股票
1037,国投瑞银锐意改革混合
1039,嘉实先进制造股票
1040,新华策略精选股票
1042,华夏领先股票
1043,工银美丽城镇股票
1044,嘉实新消费股票
1047,光大国企改革股票
1048,富国新兴产业股票
1054,工银新金融股票
1060,前海开源高端装备制造混合
1067,鹏华弘盛混合A
1068,华融新锐灵活配置混合
1069,华泰柏瑞消费成长混合
1070,建信信息产业股票
1071,华安媒体互联网混合
1072,华安智能装备主题股票
1073,华泰柏瑞量化绝对收益混合
1074,华泰柏瑞量化驱动混合A
1075,宝盈转型动力混合
1076,易方达改革红利混合
1088,华宝国策导向混合
1092,广发生物科技指数(QDII
1093,广发生物科技指数美元
1097,华泰柏瑞积极优选股票
1102,前海开源国家比较优势混合
1103,前海开源工业革命4.0混合
1104,华安新丝路主题股票
1105,信达澳银转型创新股票
1106,华商健康生活混合
1110,中欧瑾泉灵活配置混合A
1111,中欧瑾泉灵活配置混合C
1112,东方红中国优势混合
1115,广发聚安混合A
1116,广发聚安混合C
1117,中欧精选定期开放混合A
1118,华宝事件驱动混合
1119,国投瑞银新回报混合
1120,东方睿鑫热点挖掘混合A
1121,东方睿鑫热点挖掘混合C
1122,鹏华弘利混合A
1123,鹏华弘利混合C
1124,融通通泰保本混合C
1125,博时互联网主题灵活配置混合
1126,上投摩根卓越制造股票
1127,中银宏观策略混合
1128,宝盈新兴产业混合
1135,益民品质升级混合
1136,易方达裕如混合
1139,华安新动力灵活配置混合
1140,工银总回报灵活配置混合
1141,泰达宏利创盈混合A
1142,泰达宏利创盈混合B
1143,华商量化进取混合
1144,大成互联网思维混合
1146,中欧瑾源灵活配置混合A
1147,中欧瑾源灵活配置混合C
1148,申万菱信多策略灵活配置混合
1149,汇丰晋信恒生龙头指数C
1150,融通互联网传媒灵活配置混合
1152,融通新区域新经济灵活配置混合
1156,申万菱信新能源汽车混合
1157,国联安睿祺灵活配置混合
1158,工银新材料新能源股票
1159,大成景秀灵活配置混合A
1162,前海开源优势蓝筹股票A
1163,银华中国梦30股票
1164,中欧琪和灵活配置混合A
1165,中欧琪和灵活配置混合C
1166,建信环保产业股票
1167,金鹰科技创新股票
1168,国投瑞银优选收益混合
1170,泰达宏利复兴混合
1171,工银养老产业股票
1172,鹏华弘泽混合A
1173,中欧瑾和灵活配置混合A
1174,中欧瑾和灵活配置混合C
1178,前海开源再融资股票
1179,德邦大健康灵活配置混合
1182,易方达安心回馈混合
1184,易方达新常态灵活配置混合
1185,安信动态策略混合A
1186,富国文体健康股票
1188,鹏华改革红利股票
1189,广发聚宝混合
1190,鹏华弘润混合A
1191,鹏华弘润混合C
1192,上投摩根整合驱动混合
1194,景顺长城稳健回报混合A
1195,工银农业产业股票
1196,东方鼎新灵活配置混合A
1198,东方惠新灵活配置混合A
1201,申万菱信安鑫回报混合A
1202,东方红领先精选混合
1203,东方红稳健精选混合A
1204,东方红稳健精选混合C
1205,建信稳健回报灵活配置混合
1206,广发聚惠混合A
1207,广发聚惠混合C
1208,诺安低碳经济股票
1209,前海开源一带一路混合A
1210,天弘互联网混合
1216,易方达新收益混合A
1217,易方达新收益混合C
1218,国投瑞银精选收益混合
1219,上投摩根动态多因子混合
1220,民生加银研究精选混合
1222,鹏华外延成长混合
1223,鹏华文化传媒娱乐股票
1224,中邮新思路灵活配置混合
1225,中邮趋势精选灵活配置混合
1226,中邮稳健添利灵活配置混合
1227,中邮信息产业灵活配置混合
1228,国联安鑫享灵活配置混合A
1229,德邦福鑫灵活配置混合A
1231,银华泰利灵活配置混合A
1236,博时丝路主题股票A
1239,长盛国企改革混合
1244,华泰柏瑞量化智慧混合A
1245,工银生态环境股票
1247,华泰柏瑞新利混合A
1249,易方达新利灵活配置混合
1250,天弘新活力混合
1252,中海进取收益混合
1253,建信回报灵活配置混合
1254,泰达宏利新起点混合A
1255,长城改革红利混合
1256,泓德优选成长混合
1261,中融新机遇混合
1264,银华恒利灵活配置混合A
1265,国泰兴益灵活配置混合A
1266,国投瑞银招财混合
1267,泰达宏利蓝筹混合
1268,富国国家安全主题混合
1270,英大灵活配置混合型发起式A
1271,英大灵活配置混合型发起式B
1272,兴业聚利灵活配置混合
1273,民生加银新动力混合A
1274,民生加银新动力混合D
1275,中邮创新优势灵活配置混合
1276,建信新经济灵活配置混合
1277,博时国企改革股票
1278,前海开源清洁能源混合A
1279,中海积极增利混合
1280,银华聚利灵活配置混合A
1281,长安鑫利优选混合A
1283,红塔红土盛金新动力混合A
1284,红塔红土盛金新动力混合C
1285,易方达新鑫混合I
1286,易方达新鑫混合E
1287,安信优势增长混合A
1289,银华汇利灵活配置混合A
1291,大摩量化多策略股票
1294,新华战略新兴产业灵活配置混合
1296,长城转型成长灵活配置混合
1297,平安智慧中国混合
1298,金鹰民族新兴混合
1300,大成睿景灵活配置混合A
1301,大成睿景灵活配置混合C
1302,前海开源金银珠宝混合A
1303,银华稳利灵活配置混合A
1304,建信鑫安回报灵活配置混合
1305,九泰天富改革混合
1306,中欧永裕混合A
1307,中欧永裕混合C
1309,东方红睿逸定期开放混合
1311,华安新回报灵活配置混合
1312,华安新优选灵活配置混合A
1313,上投摩根智慧互联股票
1314,易方达新益混合I
1315,易方达新益混合E
1316,安信稳健增值混合A
1318,东方新策略灵活配置混合A
1319,农银信息传媒股票
1320,工银丰盈回报灵活配置混合
1324,华宝新价值混合
1325,鹏华弘和混合A
1326,鹏华弘和混合C
1327,鹏华弘华混合A
1328,鹏华弘华混合C
1329,鹏华弘实混合A
1330,鹏华弘实混合C
1331,鹏华弘信混合A
1332,鹏华弘信混合C
1336,鹏华弘益混合A
1337,鹏华弘益混合C
1338,安信稳健增值混合C
1339,兴银鼎新灵活配置混合
1342,易方达新享混合A
1343,易方达新享混合C
1345,富国新收益灵活配置混合A
1347,富国新收益灵活配置混合C
1348,大摩新机遇混合
1349,富国改革动力混合
1351,诺安中证500指数增强
1352,民生加银新战略混合
1355,广发聚泰混合A
1356,广发聚泰混合C
1357,泓德泓富混合A
1358,宝盈祥泰混合
1359,国联安添鑫灵活配置混合A
1362,景顺长城领先回报混合A
1363,长城久惠灵活配置混合
1364,大成景润灵活配置混合
1365,大成正向回报灵活配置混合
1366,金鹰产业整合混合
1370,中银新趋势混合
1371,富国沪港深价值混合
1373,易方达新丝路灵活配置混合
1375,金元顺安优质精选混合C
1376,泓德泓富混合C
1379,景顺长城领先回报混合C
1380,鹏华弘盛混合C
1381,鹏华弘泽混合C
1382,易方达国企改革混合
1384,东方新思路混合A
1385,东方新思路混合C
1387,中融新经济混合A
1388,中融新经济混合C
1389,中融鑫视野混合A
1390,中融鑫视野混合C
1392,国富金融地产混合A
1393,国富金融地产混合C
1396,建信互联网+产业升级股票
1397,建信精工制造指数增强
1398,华泰柏瑞健康生活混合
1399,安信鑫安得利混合A
1400,安信鑫安得利混合C
1402,信诚新选混合A
1403,招商国企改革主题混合基金
1404,招商移动互联网产业股票基金
1405,东方红策略精选混合A
1406,东方红策略精选混合C
1407,景顺长城稳健回报混合C
1408,建信鑫丰回报灵活配置混合A
1409,工银互联网加股票
1410,信达澳银新能源产业股票
1411,诺安创新驱动混合A
1412,德邦鑫星价值灵活配置混合A
1413,中融鑫起点混合A
1414,中融鑫起点混合C
1415,信诚新锐混合A
1416,嘉实事件驱动股票
1417,汇添富医疗服务混合
1418,泰达宏利创益混合A
1419,泰达宏利新思路混合A
1422,景顺长城安享回报混合A
1423,景顺长城安享回报混合C
1424,博时新起点混合A
1425,博时新起点混合C
1427,招商丰泽混合A
1428,工银瑞信灵活配置混合B
1430,中邮乐享收益灵活配置混合
1433,易方达瑞景混合
1437,易方达瑞享混合I
1438,易方达瑞享混合E
1441,易方达瑞信混合I
1442,易方达瑞信混合E
1443,易方达瑞选灵活配置混合I
1444,易方达瑞选灵活配置混合E
1446,招商丰泽混合C
1447,天弘惠利混合
1448,华商双翼平衡混合
1449,华商双驱优选混合
1453,鹏华弘鑫混合A
1454,鹏华弘鑫混合C
1457,华商新常态混合
1463,光大一带一路混合
1464,光大鼎鑫混合A
1466,华富永鑫灵活配置混合A
1467,华富永鑫灵活配置混合C
1468,广发改革混合
1470,融通通鑫灵活配置混合
1471,融通新能源灵活配置混合
1473,建信大安全战略精选股票
1475,易方达国防军工混合
1476,中银智能制造股票
1479,中邮风格轮动灵活配置混合
1480,财通成长优选混合
1481,华宝标普油气上游股票美元
1482,上投摩根新兴服务股票
1484,天弘新价值混合
1485,华安添颐混合
1487,宝盈优势产业混合
1488,万家瑞丰灵活配置混合A
1489,万家瑞丰灵活配置混合C
1490,汇添富国企创新股票
1495,东方新价值混合A
1496,工银聚焦30股票
1498,建信鑫荣回报灵活配置混合
1499,国投瑞银新增长混合
1500,泓德远见回报混合
1506,景顺长城泰和回报混合A
1507,景顺长城泰和回报混合C
1508,富国新动力灵活配置混合A
1510,富国新动力灵活配置混合C
1511,兴全新视野定开混合
1513,易方达信息产业混合
1520,国投瑞银研究精选股票
1521,国寿安保成长优选股票
1522,博时新策略灵活配置混合A
1523,博时新策略灵活配置混合C
1524,华泰柏瑞精选回报混合
1528,诺安先进制造股票
1530,万家瑞富灵活配置混合
1531,招商安益灵活配置混合
1532,华安文体健康混合
1534,华宝万物互联混合
1537,中加改革红利混合
1538,上投摩根科技前沿灵活配置混合
1541,汇添富民营新动力股票
1542,国泰互联网+股票
1543,宝盈新锐混合
1547,兴业聚惠灵活配置混合A
1548,天弘上证50指数A
1549,天弘上证50指数C
1556,天弘量化驱动股票A
1557,天弘量化驱动股票C
1558,天弘医疗健康混合A
1559,天弘医疗健康混合C
1562,易方达瑞和灵活配置混合
1563,华富健康文娱灵活配置混合
1564,东方红京东大数据混合
1569,泰信国策驱动灵活配置混合
1573,南方互联网+灵活配置混合
1574,中海混改红利混合
1576,国泰智能装备股票
1577,嘉实低价策略股票
1579,国泰大农业股票
1581,华安沪港深通精选灵活配置混合
1583,安信新常态股票
1584,国投瑞银新活力定开混合A
1585,国投瑞银新活力定开混合C
1588,天弘中证800指数A
1589,天弘中证800指数C
1594,天弘中证银行指数A
1595,天弘中证银行指数C
1601,鑫元鑫新收益灵活配置混合A
1602,鑫元鑫新收益灵活配置混合C
1603,易方达安盈回报混合
1605,国富沪港深成长精选股票
1606,农银工业4.0混合
1609,平安鑫享混合A
1610,平安鑫享混合C
1613,长城久祥混合
1614,东方区域发展混合
1615,中欧睿尚定期开放混合
1616,嘉实环保低碳股票
1617,天弘中证电子指数A
1618,天弘中证电子指数C
1620,嘉实新机遇混合发起式
1623,兴业国企改革混合
1626,国泰央企改革股票
1628,招商体育文化休闲股票
1629,天弘中证计算机主题指数A
1630,天弘中证计算机主题指数C
1631,天弘中证食品饮料指数A
1632,天弘中证食品饮料指数C
1633,万家瑞祥混合A
1634,万家瑞祥混合C
1635,万家瑞益灵活配置混合A
1636,万家瑞益灵活配置混合C
1637,嘉实腾讯自选股大数据策略股票
1638,前海开源优势蓝筹股票C
1641,富国绝对收益多策略混合
1643,汇丰晋信智造先锋股票A
1644,汇丰晋信智造先锋股票C
1645,国泰大健康股票
1648,工银新价值灵活配置混合
1650,工银丰收回报灵活配置混合A
1651,工银新蓝筹股票
1654,国联安添鑫灵活配置混合C
1656,农银中国优势灵活配置混合
1657,长安鑫富领先混合
1659,富安达新动力混合
1660,富安达行业轮动混合
1662,创金沪港深精选混合
1663,中银互联网+股票
1664,平安鑫安混合A
1665,平安鑫安混合C
1667,南方转型混合
1668,汇添富全球互联混合
1672,国寿安保智慧生活股票
1677,中银战略新兴产业股票
1678,英大国企改革主题股票
1679,前海开源中国稀缺资产混合A
1681,新华积极价值灵活配置混合
1682,新华鑫回报混合
1683,华夏新经济混合
1685,汇添富沪港深新价值股票
1686,安信新动力混合A
1687,安信新动力混合C
1688,嘉实新起点混合A
1694,华安沪港深外延增长混合
1695,泓德泓业混合
1696,南方智造股票
1701,中融产业升级混合
1702,东方创新科技混合
1703,银华沪港深增长股票
1704,国投瑞银进宝灵活配置混合
1705,泓德战略转型股票
1706,诺安积极回报混合
1707,诺安高端制造股票
1708,东兴改革精选混合
1709,华富物联世界灵活配置混合
1710,安信新趋势混合A
1711,安信新趋势混合C
1712,东方红优势精选混合
1714,工银文体产业股票
1715,工银新焦点混合A
1716,工银新趋势灵活配置混合A
1717,工银前沿医疗股票
1718,工银物流产业股票
1719,工银国家战略股票
1720,工银新增利混合
1721,工银新增益混合
1722,工银银和利混合
1723,华商新动力灵活配置混合
1725,汇添富高端制造股票
1726,汇添富新兴消费股票
1727,申万菱信安鑫回报混合C
1728,银华战略新兴定开混合
1729,银华逆向投资定开混合
1731,广发百发大数据价值混合A
1732,广发百发大数据价值混合E
1733,泰达宏利量化股票
1734,广发百发大数据成长混合A
1735,广发百发大数据成长混合E
1738,大摩新趋势混合
1740,光大中国制造2025混合
1741,广发百发大数据精选混合A
1742,广发百发大数据精选混合E
1743,诺安优选回报混合
1744,诺安进取回报混合
1745,易方达瑞富灵活配置混合I
1746,易方达瑞富灵活配置混合E
1747,易方达瑞祺灵活配置混合I
1748,易方达瑞祺灵活配置混合E
1749,招商中国机遇股票
1753,红土创新新兴产业混合
1755,嘉实新思路混合
1756,嘉实策略优选混合
1758,嘉实研究增强混合
1759,嘉实成长增强混合
1760,嘉实创新成长混合
1761,广发安宏回报混合A
1762,广发安宏回报混合C
1763,广发多策略混合
1764,广发沪港深新机遇股票
1765,前海开源嘉鑫混合A
1766,上投摩根医疗健康股票
1769,易方达瑞惠混合发起式
1770,前海开源嘉鑫混合C
1771,南方量化混合
1773,招商丰庆混合A
1774,招商丰庆混合C
1780,诺安改革趋势灵活配置混合
1781,建信现代服务业股票
1782,九泰久益混合A
1789,国泰量化收益灵活配置混合
1790,国泰智能汽车股票
1791,大成绝对收益策略混合A
1792,大成绝对收益策略混合C
1796,汇添富安鑫智选混合A
1797,华融新利灵活配置混合
1798,泰康新回报灵活配置混合A
1799,泰康新回报灵活配置混合C
1800,华安新乐享混合
1801,汇添富达欣混合A
1802,易方达瑞财混合I
1803,易方达瑞财混合E
1806,易方达瑞智灵活配置混合I
1807,易方达瑞智灵活配置混合E
1808,银华互联网主题灵活配置混合
1810,中欧潜力价值灵活配置混合A
1811,中欧明睿新常态混合A
1815,华泰柏瑞激励动力混合A
1816,汇添富新睿精选混合A
1817,易方达瑞兴灵活配置混合I
1818,易方达瑞兴灵活配置混合E
1822,华商智能生活灵活配置混合
1823,光大鼎鑫混合C
1827,富国研究优选沪港深混合
1830,融通跨界成长灵活配置混合
1832,易方达瑞恒灵活配置混合
1834,长盛战略新兴产业混合C
1835,易方达瑞祥灵活配置混合I
1836,易方达瑞祥灵活配置混合E
1837,前海开源沪港深蓝筹精选混合
1838,国投瑞银国家安全混合
1839,九泰久兴灵活配置混合
1844,九泰久益混合C
1845,国寿安保稳恒混合A
1850,国泰安益灵活配置混合A
1852,融通中国风1号灵活配置混合
1856,易方达环保主题混合
1857,易方达现代服务业混合
1858,建信鑫利灵活配置混合
1861,富安达健康人生混合
1864,中海魅力长三角混合
1865,前海开源事件驱动混合C
1869,招商制造业混合A
1874,前海开源沪港深价值精选混合
1875,前海开源沪港深优势精选混合
1877,宝盈国家安全沪港深股票
1878,嘉实沪港深精选股票
1879,长城创业板指数增强A
1880,长城中国智造灵活配置混合
1881,中欧新趋势混合E
1882,中欧价值发现混合E
1883,中欧新动力混合(LOF)E
1884,中欧互通精选混合E
1885,中欧新蓝筹混合E
1886,中欧行业成长混合(LOF)
1887,中欧价值智选混合E
1888,中欧盛世成长混合(LOF)E
1890,中欧精选定期开放混合E
1891,中欧成长优选混合E
1892,长盛新兴成长混合
1897,九泰久盛量化先锋混合A
1898,易方达大健康混合
1900,诺安精选价值混合
1901,前海开源沪港深隆鑫混合A
1902,前海开源沪港深隆鑫混合C
1903,光大欣鑫混合A
1904,光大欣鑫混合C
1905,华安安益灵活配置混合
1907,国投瑞银境煊灵活配置混合A
1908,国投瑞银境煊灵活配置混合C
1910,泰康新机遇混合
1914,中信建投聚利混合A
1915,宝盈医疗健康沪港深股票
1917,招商量化精选股票
1922,国泰多策略收益混合
1924,华夏国企改革混合
1927,华夏消费升级灵活配置混合A
1928,华夏消费升级灵活配置混合C
1932,国寿安保保本混合
1933,华商新兴活力混合
1938,中欧时代先锋股票A
1939,光大睿鑫混合A
1942,前海开源沪港深汇鑫混合A
1943,前海开源沪港深汇鑫混合C
1951,金鹰改革红利混合
1954,银华生态环保主题灵活配置混合
1955,中欧养老产业混合
1959,华商乐享互联灵活配置混合
1965,圆信永丰兴源灵活配置混合A
1966,圆信永丰兴源灵活配置混合C
1967,华宝转型升级混合
1970,泰信鑫选灵活配置混合A
1972,前海开源沪港深智慧生活混合
1974,景顺长城量化新动力股票
1975,景顺长城环保优势股票
1978,泰信互联网+混合
1980,中欧量化驱动混合
1983,中邮低碳配置混合
1985,富国低碳新经济混合
1986,前海开源人工智能主题混合
1990,中欧数据挖掘混合A
1997,工银新趋势灵活配置混合C
1998,工银新焦点混合C
2000,工银新生利混合
2001,华夏回报混合A
2003,工银新机遇灵活配置混合A
2004,工银新机遇灵活配置混合C
2005,工银新得利混合
2006,工银新得益混合
2007,工银新得润混合
2009,中欧瑾通灵活配置混合A
2010,中欧瑾通灵活配置混合C
2011,华夏红利混合
2018,鹏华弘安混合A
2019,鹏华弘安混合C
2021,华夏回报二号混合
2025,广发聚盛混合A
2026,广发聚盛混合C
2027,中加心享混合A
2028,九泰天宝灵活配置混合C
2029,安信动态策略混合C
2030,信诚新选混合B
2035,安信平稳增长混合发起C
2036,安信优势增长混合C
2043,天治研究驱动混合C
2046,信诚新锐混合B
2049,融通新机遇灵活配置混合
2051,诺安创新驱动混合C
2052,诺安稳健回报灵活配置混合C
2053,诺安优势行业混合C
2054,中银新财富混合A
2055,国泰兴益灵活配置混合C
2056,中银新财富混合C
2057,中银新机遇混合A
2058,中银新机遇混合C
2059,国泰浓益灵活配置混合C
2060,东方新策略灵活配置混合C
2061,国泰安康定期支付混合C
2062,国泰国策驱动灵活配置混合C
2063,国泰结构转型灵活配置混合C
2064,华富产业升级灵活配置混合
2067,诺安精选回报混合
2068,东方多策略灵活配置混合C
2071,长安产业精选混合C
2072,长安鑫利优选混合C
2075,光大睿鑫混合C
2079,前海开源中国稀缺资产混合C
2080,前海开源一带一路混合C
2082,华泰柏瑞激励动力混合C
2083,新华鑫动力灵活配置混合A
2084,新华鑫动力灵活配置混合C
2085,长盛互联网+混合
2087,国富新机遇混合A
2088,国富新机遇混合C
2091,华泰柏瑞新利混合C
2103,招商康泰灵活配置混合
2106,德邦福鑫灵活配置混合C
2111,华宝新起点混合
2112,德邦鑫星价值灵活配置混合C
2116,广发安享混合A
2117,广发安享混合C
2118,广发安盈混合A
2119,广发安盈混合C
2120,广发安悦混合
2121,广发沪港深新起点股票
2124,广发新兴产业混合
2125,广发新兴成长混合
2132,广发鑫享混合
2133,广发鑫益混合
2134,广发鑫裕混合
2135,广发鑫源混合A
2136,广发鑫源混合C
2137,诺安利鑫灵活配置混合
2141,建信鑫丰回报灵活配置混合C
2142,博时外延增长主题灵活配置混合
2144,华安新优选灵活配置混合C
2145,诺安景鑫灵活配置混合
2146,长安鑫益增强混合A
2147,长安鑫益增强混合C
2148,国寿安保稳惠混合
2149,嘉实新优选混合
2152,华宝核心优势混合
2155,国金鑫瑞灵活配置混合
2156,长盛盛世混合A
2157,长盛盛世混合C
2158,汇添富安鑫智选混合C
2160,南方驱动混合
2161,银华万物互联灵活配置混合
2162,东方新价值混合C
2163,东方惠新灵活配置混合C
2164,汇添富新睿精选混合C
2165,汇添富达欣混合C
2166,华夏永福混合C
2167,南方顺康混合
2168,嘉实智能汽车股票
2172,海富通新内需混合C
2173,东方大健康混合
2174,东方互联网嘉混合
2178,嘉实新起点混合C
2179,华安事件驱动量化策略混合
2180,中银移动互联灵活配置混合
2181,华安大安全混合
2182,东兴蓝海财富混合
2186,国联安鑫享灵活配置混合C
2189,农银汇理国企改革混合
2191,农银物联网混合
2192,东方鼎新灵活配置混合C
2196,金鹰技术领先灵活配置混合C
2197,国泰鑫策略价值混合
2199,前海开源中证军工指数C
2207,前海开源金银珠宝混合C
2210,创金合信量化多因子股票A
2211,嘉实新财富混合
2212,嘉实新起航混合
2213,中海顺鑫灵活配置混合
2214,中海沪港深价值优选混合
2220,南方瑞利灵活配置混合
2222,嘉实新趋势混合
2224,中邮绝对收益策略定期开放混合
2227,长城新优选混合A
2228,长城新优选混合C
2229,华夏经济转型股票
2230,华夏大中华混合(QDII)
2231,华夏新趋势混合A
2232,华夏新趋势混合C
2233,工银丰收回报灵活配置混合C
2242,国投瑞银瑞兴灵活配置混合
2244,景顺长城低碳科技主题混合
2249,招商境远灵活配置混合
2250,红土创新改革红利混合
2251,华夏军工安全混合
2252,融通成长30灵活配置混合
2256,金信新能源汽车混合发起式
2258,大成国企改革灵活配置混合
2259,鹏华健康环保混合
2261,中银宝利混合A
2262,中银宝利混合C
2263,泰达宏利大数据混合A
2264,华夏乐享健康混合
2269,银华大数据灵活配置定开混合
2270,东吴安盈量化灵活配置混合
2271,招商安弘灵活配置混合
2272,新华科技创新主题灵活配置混合
2273,泰达宏利创益混合B
2281,建信裕利灵活配置混合
2282,平安安享灵活配置混合
2288,中银稳进策略混合
2289,华商改革创新股票
2291,诺安安鑫灵活配置混合
2292,诺安益鑫灵活配置混合
2293,南方益和混合
2296,长城行业轮动混合
2300,长盛医疗行业量化配置股票
2301,兴业聚盛灵活配置混合A
2303,金鹰智慧生活混合
2304,平安安心灵活配置混合A
2305,光大风格轮动混合
2307,银华多元视野灵活配置混合
2309,国寿安保稳恒混合C
2310,创金合信沪深300指数增强
2311,创金合信中证500指数增强
2313,泰达宏利新起点混合B
2314,泰达宏利新思路混合B
2315,创金合信沪深300指数增强C
2316,创金合信中证500指数增强C
2317,招商睿逸混合
2319,大成一带一路灵活配置混合
2322,银华汇利灵活配置混合C
2323,银华稳利灵活配置混合C
2326,银华聚利灵活配置混合C
2327,银华恒利灵活配置混合C
2328,银华泰利灵活配置混合C
2330,兴业聚宝灵活配置混合
2331,泰康安泰回报混合
2334,汇丰晋信大盘波动股票A
2335,汇丰晋信大盘波动股票C
2338,兴业奕祥混合
2339,海富通安颐收益混合C
2340,富国价值优势混合
2345,华夏高端制造混合
2350,华安安华灵活配置混合
2360,前海开源清洁能源混合C
2363,华安安康灵活配置混合A
2364,华安安康灵活配置混合C
2367,国联安安稳混合
2370,大成景秀灵活配置混合C
2376,国寿安保核心产业混合
2378,建信弘利灵活配置混合
2383,大成趋势回报灵活配置混合
2384,九泰鸿祥服务升级灵活配置混合
2385,博时沪深300指数C
2387,工银沪港深股票
2388,天弘裕利灵活配置混合A
2389,招商安德灵活配置混合A
2390,招商安德灵活配置混合C
2398,华安安禧混合A
2399,华安安禧混合C
2407,前海开源恒远灵活配置混合
2409,华夏新活力混合A
2410,华夏新活力混合C
2411,华夏新机遇混合
2412,华富安福保本混合
2413,中银瑞利混合A
2414,中银瑞利混合C
2415,融通通盈保本混合
2416,招商丰利灵活配置混合C
2417,招商丰盛稳定增长混合C
2418,汇添富优选回报灵活配置混合
2419,汇添富盈安保本混合
2420,汇添富盈鑫保本混合
2424,博时文体娱乐主题混合
2425,金鹰元禧混合C
2430,中银丰利混合A
2431,中银丰利混合C
2432,天弘乐享保本混合
2434,中银宏利混合A
2435,中银宏利混合C
2436,上投摩根红利回报混合C
2443,前海开源沪港深龙头精选混合
2449,民生加银量化中国混合
2450,平安睿享文娱混合A
2451,平安睿享文娱混合C
2453,九泰久稳灵活配置混合A
2454,九泰久稳灵活配置混合C
2455,民生加银鑫喜混合
2456,招商安元灵活配置混合A
2457,招商安元灵活配置混合C
2458,国泰民利保本混合
2461,中银珍利混合A
2462,中银珍利混合C
2463,创金合信价值红利混合A
2465,东兴众智优选混合
2472,光大保德信先进服务业混合
2482,宝盈互联网沪港深混合
2485,国联安通盈混合C
2489,国泰民福保本混合
2494,兴业聚盈灵活配置混合
2497,东方盛世灵活配置混合
2498,兴业聚鑫灵活配置混合
2502,中银腾利混合A
2503,中银腾利混合C
2504,鹏华金鼎灵活配置混合A
2505,鹏华金鼎灵活配置混合C
2510,申万菱信中证500指数增强
2513,金鹰元安混合C
2514,招商丰益混合A
2515,招商丰益混合C
2518,民生加银鑫福混合A
2533,中加心享混合C
2535,中银鑫利混合A
2536,中银鑫利混合C
2537,平安安盈保本混合
2542,长城久鼎保本混合
2543,长城久益混合A
2544,长城久益混合C
2545,东方岳灵活配置混合
2547,民生加银养老服务混合
2553,博时创业成长混合C
2556,博时丝路主题股票C
2558,博时鑫瑞混合A
2559,博时鑫瑞混合C
2560,诺安和鑫灵活配置混合
2562,泓德泓益量化混合
2563,泓德泓汇混合
2564,新沃通盈灵活配置混合
2567,大成国家安全主题混合
2573,建信汇利灵活配置混合
2574,招商瑞庆混合A
2577,南方新兴混合
2580,泰信鑫选灵活配置混合C
2581,招商丰凯混合A
2582,招商丰凯混合C
2583,泰信行业精选混合C
2584,富安达长盈灵活配置混合
2585,建信兴利灵活配置混合
2593,富国美丽中国混合
2594,工银现代服务业混合
2595,博时工业4.0主题股票
2596,华商回报1号混合
2597,兴业成长动力混合
2598,平安智能生活混合A
2599,平安智能生活混合C
2602,易方达丰惠混合
2604,华夏新起点混合
2605,融通新消费灵活配置混合
2614,中银颐利混合A
2615,中银颐利混合C
2616,中银益利混合A
2617,中银益利混合C
2618,中银裕利混合A
2619,中银裕利混合C
2620,中邮未来新蓝筹混合
2621,中欧消费主题股票A
2624,广发优企精选混合
2628,招商安博灵活配置混合A
2629,招商安博灵活配置混合C
2630,江信瑞福灵活配置混合A
2631,江信瑞福灵活配置混合C
2634,华宝未来主导混合
2639,天弘价值精选灵活配置混合
2640,中信建投睿溢混合A
2643,鹏华兴利混合
2653,泰康沪港深精选混合
2654,上投摩根策略精选混合
2657,招商安裕灵活配置混合A
2658,招商安裕灵活配置混合C
2659,兴业聚全灵活配置混合
2660,兴业聚源灵活配置混合
2662,前海开源沪港深大消费混合A
2663,前海开源沪港深大消费混合C
2664,万家瑞和灵活配置混合A
2665,万家瑞和灵活配置混合C
2666,前海开源沪港深创新成长混合
2668,兴业聚丰灵活配置混合
2669,华商万众创新混合
2670,万家沪深300指数增强A
2671,万家沪深300指数增强C
2681,金鹰元和灵活配置混合A
2682,金鹰元和灵活配置混合C
2685,中欧丰泓沪港深混合A
2686,中欧丰泓沪港深混合C
2690,前海开源恒泽保本混合A
2691,前海开源恒泽保本混合C
2692,富国创新科技混合
2694,中银新蓝筹混合
2697,中欧消费主题股票C
2703,长城久源保本混合
2707,大摩科技领先混合
2708,大摩健康产业混合
2713,广发转型升级混合
2714,鹏华金城保本混合
2728,华富益鑫灵活配置混合A
2729,华富益鑫灵活配置混合C
2730,华富华鑫灵活配置混合A
2731,华富华鑫灵活配置混合C
2732,长盛沪港深混合
2745,北信瑞丰丰利混合
2746,汇添富多策略定开混合
2767,泰康宏泰回报混合
2768,华安安进灵活配置混合
2769,兴业聚盛灵活配置混合C
2770,安信新回报混合A
2771,安信新回报混合C
2772,光大产业新动力混合
2773,光大铭鑫混合A
2774,光大铭鑫混合C
2776,招商安荣混合A
2777,招商安荣混合C
2778,新疆前海联合新思路混合A
2779,新疆前海联合新思路混合C
2780,前海联合泓鑫混合A
2783,东方红价值精选混合A
2784,东方红价值精选混合C
2792,景顺长城顺益回报混合A
2793,景顺长城顺益回报混合C
2801,泓德泓信混合
2802,广发东财大数据混合
2803,东方红沪港深混合
2808,泓德优势领航混合
2810,金信转型创新成长混合发起式
2813,博时颐泰混合A
2814,博时颐泰混合C
2819,招商丰美混合A
2820,招商丰美混合C
2823,招商盛达混合A
2824,招商盛达混合C
2831,国投瑞银瑞宁混合
2833,华夏新锦绣混合A
2834,华夏新锦绣混合C
2837,华夏网购精选混合
2838,华夏新锦程混合A
2839,华夏新锦程混合C
2844,金鹰多元策略混合
2846,泓德泓华混合
2849,金信智能中国2025混合
2850,南方甑智混合
2851,南方品质混合
2860,前海开源沪港深新机遇混合
2861,工银智能制造股票
2862,金信量化精选混合
2863,金信深圳成长混合发起式
2885,大摩万众创新灵活配置混合
2891,华夏移动互联混合人民币
2892,华夏移动互联混合美元现汇
2893,华夏移动互联混合美元现钞
2908,富国睿利定开混合发起式
2910,易方达供给改革混合
2919,东吴智慧医疗量化策略混合
2923,兴业聚惠灵活配置混合C
2934,泰康恒泰回报混合A
2935,泰康恒泰回报混合C
2938,中银健康产业混合
2939,广发创新升级混合
2943,广发多因子混合
2945,大成盛世精选灵活配置混合
2952,建信多因子量化股票
2953,华安安福保本混合A
2954,华安安福保本混合C
2955,融通新趋势灵活配置混合
2959,汇添富盈稳保本混合
2967,浙商大数据智选消费混合
2968,新华高端制造混合
2980,华夏创新前沿股票
2982,广发养老指数C
2983,长信国防军工量化混合
2989,融通通乾研究精选混合
3000,招商丰德灵活配置混合A
3001,招商丰德灵活配置混合C
3004,招商睿祥定开混合
3025,新华红利回报混合
3026,安信新价值混合A
3027,安信新价值混合C
3028,安信新优选混合A
3029,安信新优选混合C
3030,安信新目标混合A
3031,安信新目标混合C
3032,平安医疗健康混合
3033,南方荣冠定开混合
3044,东方红战略精选混合A
3045,东方红战略精选混合C
3053,嘉实文体娱乐股票A
3054,嘉实文体娱乐股票C
3059,长信先利半年定期开放混合
3062,银华通利混合A
3063,银华通利混合C
3064,南方荣欢混合
3069,光大保德信量化优选股票
3095,中欧医疗健康混合A
3096,中欧医疗健康混合C
3104,泰达宏利定宏混合
3105,光大永鑫混合A
3106,光大永鑫混合C
3115,光大保德信诚鑫混合A
3116,光大保德信诚鑫混合C
3117,光大吉鑫混合A
3118,光大吉鑫混合C
3119,博时鑫源混合A
3120,博时鑫源混合C
3125,中科沃土沃鑫成长混合
3131,国寿安保强国智造混合
3132,德邦新回报灵活配置混合
3142,鹏华弘达混合A
3143,鹏华弘达混合C
3144,华宝新机遇混合(LOF)C
3147,大成动态量化混合
3150,中欧睿诚定期开放混合A
3151,中欧睿诚定期开放混合C
3152,华富天鑫灵活配置混合A
3153,华富天鑫灵活配置混合C
3154,华宝新活力混合
3161,南方安泰混合
3165,鹏华弘嘉混合A类
3166,鹏华弘嘉混合C类
3169,长盛盛辉混合A
3170,长盛盛辉混合C
3175,华泰柏瑞多策略混合
3182,华富弘鑫混合A
3183,华富弘鑫混合C
3186,鹏华兴安定期开放混合
3187,嘉实安益混合
3189,汇添富保鑫保本混合
3190,创金合信消费主题股票A
3191,创金合信消费主题股票C
3208,东兴量化多策略混合
3224,鹏华兴润定期开放混合A
3225,鹏华兴润定期开放混合C
3230,创金合信医疗保健股票A
3231,创金合信医疗保健股票C
3234,信诚至利混合A
3235,信诚至利混合C
3238,新华外延增长主题灵活配置混合
3241,创金合信量化发现混合A
3242,创金合信量化发现混合C
3275,国联安鑫盈混合A
3276,国联安鑫盈混合C
3282,信诚至裕灵活配置混合A
3283,信诚至裕灵活配置混合C
3284,中邮医药健康混合
3291,信达澳银健康中国混合
3292,嘉实优势成长混合
3293,易方达科瑞混合
3295,南方安裕混合A
3298,嘉实物流产业股票A
3299,嘉实物流产业股票C
3300,华夏圆和混合
3304,前海开源沪港深核心资源混合A
3305,前海开源沪港深核心资源混合C
3312,大摩睿成中小盘弹性股票
3319,建信瑞丰添利混合A
3320,建信瑞丰添利混合C
3331,博时乐臻定开混合
3332,南方荣发混合
3333,泰信智选成长混合
3339,华安睿享定开混合A
3340,华安睿享定开混合C
3343,鹏华弘惠灵活配置混合A
3344,鹏华弘惠灵活配置混合C
3345,安信新成长混合A
3346,安信新成长混合C
3351,招商稳荣定开混合A
3352,招商稳荣定开混合C
3358,易方达中债7-10年国开债指数
3362,国联安睿利定开混合
3366,浙商汇金中证转型成长指数
3367,鹏华兴合定期开放混合A
3368,鹏华兴合定期开放混合C
3373,大成景禄灵活配置混合A
3374,大成景禄灵活配置混合C
3377,广发中债7-10年国开债指数C
3378,泰康策略优选混合
3379,信诚至选混合A
3380,信诚至选混合C
3396,东方红优享红利混合
3397,银华体育文化灵活配置混合
3403,华商瑞丰混合
3404,招商稳盛定开混合A
3405,招商稳盛定开混合C
3411,鹏华弘康灵活配置混合A
3412,鹏华弘康灵活配置混合C
3413,华泰柏瑞新经济沪港深混合
3414,泰达宏利创金混合A
3415,泰达宏利创金混合C
3416,招商财经大数据股票
3429,中证兴业中高等级信用债指数
3434,博时鑫泽灵活配置混合A
3435,博时鑫泽灵活配置混合C
3436,博时鑫丰混合A
3437,博时鑫丰混合C
3456,信达澳银新目标混合
3475,前海联合沪深300指数A
3476,南方安颐混合
3477,南方睿见混合
3484,金鹰鑫益混合A
3485,金鹰鑫益混合C
3492,前海开源外向企业股票
3493,申万菱信安鑫优选混合A
3494,富国天惠成长混合C
3495,鹏华弘尚灵活配置混合A
3496,鹏华弘尚灵活配置混合C
3501,泰达睿智稳健灵活配置混合
3502,金鹰鑫瑞混合A
3503,金鹰鑫瑞混合C
3508,华安睿安定开混合A
3509,华安睿安定开混合C
3512,申万菱信安鑫优选混合C
3516,国泰融安多策略灵活配置混合
3548,泰达宏利沪深300指数增强C
3550,泰达改革动力混合C
3554,泰达宏利大数据混合C
3555,华泰柏瑞睿利混合A
3556,华泰柏瑞睿利混合C
3567,华夏行业景气混合
3580,泰康沪港深价值优选混合
3581,前海联合国民健康混合
3582,中金量化多策略混合
3586,先锋精一混合A
3587,先锋精一混合C
3591,华泰柏瑞享利混合A
3592,华泰柏瑞享利混合C
3593,国泰景气行业灵活配置混合
3594,长盛盛崇灵活配置混合A
3595,长盛盛崇灵活配置混合C
3598,华商润丰灵活配置混合
3601,申万菱信安鑫精选混合A
3602,申万菱信安鑫精选混合C
3603,景顺长城泰安回报混合A
3604,景顺长城泰安回报混合C
3622,创金合信优价成长股票A
3623,创金合信优价成长股票C
3624,创金合信资源股票发起式A
3625,创金合信资源股票发起式C
3626,平安鑫利混合A
3632,招商稳乾定开混合A
3633,招商稳乾定开混合C
3634,嘉实农业产业股票
3641,长盛盛丰灵活配置混合A
3642,长盛盛丰灵活配置混合C
3646,创金合信中证1000指数增强A
3647,创金合信中证1000指数增强C
3655,信达澳银新财富混合
3658,长盛量化多策略灵活配置混合
3659,山西策略灵活配置混合
3663,鹏华兴泰定期开放混合
3666,天弘金明灵活配置混合
3670,中融物联网主题灵活配置混合
3684,汇安丰融混合A
3685,汇安丰融混合C
3692,大成景尚灵活配置混合A
3693,大成景尚灵活配置混合C
3697,华夏睿磐泰盛定开混合
3704,光大保德信事件驱动混合
3715,宝盈消费主题混合
3717,中银量化精选混合
3718,易方达标普500指数美元汇
3734,万家瑞盈灵活配置混合A
3735,万家瑞盈灵活配置混合C
3738,新华华瑞灵活配置混合
3739,新华鑫弘灵活配置混合
3745,广发多元新兴股票
3749,创金合信鑫收益混合A
3750,创金合信鑫收益混合C
3751,万家瑞隆混合
3754,国泰普益混合A
3755,国泰普益混合C
3760,国泰宁益定期开放灵活配置混合A
3761,国泰宁益定期开放灵活配置混合C
3762,国开开泰灵活配置混合A
3763,国开开泰灵活配置混合C
3769,中银品质生活混合
3780,鹏华兴悦定期开放混合
3782,招商稳阳定开混合A
3783,招商稳阳定开混合C
3797,华安新瑞利混合A
3798,华安新瑞利混合C
3799,华安新泰利灵活配置混合A
3800,华安新泰利灵活配置混合C
3803,华安新丰利灵活配置混合A
3804,华安新丰利灵活配置混合C
3805,华安新恒利混合A
3806,华安新恒利混合C
3813,泰康金泰3月定开混合
3817,银华上证5年期国债指数A
3818,银华上证5年期国债指数C
3822,中信建投轮换混合A
3823,中信建投轮换混合C
3828,鹏华兴惠定期开放混合
3831,建信鑫瑞回报灵活配置混合
3834,华夏能源革新股票
3835,鹏华沪深港新兴成长混合
3839,易方达瑞通灵活配置混合A
3840,易方达瑞通灵活配置混合C
3842,中邮景泰灵活配置混合A
3843,中邮景泰灵活配置混合C
3845,汇安丰恒灵活配置混合A
3846,汇安丰恒灵活配置混合C
3848,中银广利灵活配置混合A
3849,中银广利灵活配置混合C
3850,中银锦利灵活配置混合A
3851,中银锦利灵活配置混合C
3853,金鹰信息产业股票A
3854,汇安丰华混合A
3855,汇安丰华混合C
3856,国都聚鑫定期开放混合
3857,前海开源周期优选混合A
3858,前海开源周期优选混合C
3861,招商兴福混合A
3862,招商兴福混合C
3865,创金合信量化多因子股票C
3877,富国久利稳健配置混合A
3878,富国久利稳健配置混合C
3882,易方达瑞弘混合A
3883,易方达瑞弘混合C
3884,汇安沪深300指数增强A
3885,汇安沪深300指数增强C
3886,汇安丰利混合A
3887,汇安丰利混合C
3889,汇安丰泽混合A
3890,汇安丰泽混合C
3900,交银瑞鑫定开混合
3912,泰达宏利启富混合A
3913,泰达宏利启富混合C
3938,南方荣尊定开混合A
3939,南方荣尊定开混合C
3940,银华盛世精选灵活配置混合发
3950,博时鑫润混合A
3951,博时鑫润混合C
3954,华泰柏瑞价值精选30混合
3955,国泰民丰回报定开混合
3956,南方教育股票
3957,安信新起点混合A
3958,安信新起点混合C
3961,易方达瑞程灵活配置混合A
3962,易方达瑞程灵活配置混合C
3966,中银润利混合A
3967,中银润利混合C
3970,华泰柏瑞兴利混合A
3971,华泰柏瑞兴利混合C
3980,中银证券瑞益混合A
3981,中银证券瑞益混合C
3984,嘉实新能源新材料股票A
3985,嘉实新能源新材料股票C
3986,申万菱信中证500指数优选增强
3987,银华中债10年期金融债指数
3989,银华中债5年期金融债指数A
3990,银华中债5年期金融债指数C
3993,前海开源沪港深核心驱动混合
3995,银华中债AAA信用债指数A
3996,银华中债AAA信用债指数C
4000,泰达睿选稳健混合
4005,东方民丰回报赢安混合A
4006,东方民丰回报赢安混合C
4008,中融鑫思路混合A
4009,中融鑫思路混合C
4010,华泰柏瑞鼎利灵活配置混合A
4011,华泰柏瑞鼎利灵活配置混合C
4044,金鹰转型动力混合
4046,华夏新锦顺混合A
4047,华夏新锦顺混合C
4048,华夏新锦汇混合A
4049,华夏新锦汇混合C
4050,华夏新锦升混合A
4051,华夏新锦升混合C
4065,中融量化多因子混合A
4075,交银医药创新股票
4076,国联安锐意成长混合
4081,国联安鑫乾混合A
4082,国联安鑫乾混合C
4083,国联安鑫隆混合A
4084,国联安鑫隆混合C
4085,工银国债(7-10年)指数
4099,前海开源沪港深景气行业精选混合
4100,鹏华安益增强混合
4112,创金合信国企活力混合
4116,嘉实新添瑞混合
4119,广发创新驱动灵活配置混合
4128,前海联合泳隆混合A
4129,国联安鑫汇混合A
4130,国联安鑫汇混合C
4131,国联安鑫发混合A
4132,国联安鑫发混合C
4135,申万菱信量化成长混合
4138,上银鑫达混合
4139,中邮军民融合灵活配置混合
4142,招商盛合灵活混合A
4143,招商盛合灵活混合C
4149,博时鑫惠混合A
4150,博时鑫惠混合C
4153,信诚新悦回报灵活配置混合A
4154,信诚新悦回报灵活配置混合B
4155,信诚至泰灵活配置混合A
4156,信诚至泰灵活配置混合C
4157,信诚至诚灵活配置混合A
4158,信诚至诚灵活配置混合B
4166,东方价值挖掘灵活配置混合
4171,信诚永益一年定开混合A
4172,信诚永益一年定开混合C
4175,博时鑫泰混合A
4176,博时鑫泰混合C
4182,建信瑞福添利混合A
4183,富国产业升级混合
4189,华商民营活力灵活配置混合
4190,招商沪深300指数增强A
4191,招商沪深300指数增强C
4192,招商中证500指数A
4193,招商中证500指数C
4194,招商中证1000指数增强A
4195,招商中证1000指数增强C
4202,华夏睿磐泰兴混合
4205,东方支柱产业灵活配置混合
4206,华商元亨灵活配置混合
4209,大成智惠量化多策略混合
4211,金鹰周期优选混合
4212,中融量化智选混合A
4218,前海开源裕和定期开放混合
4219,中海添顺定期开放混合
4221,长信量化先锋混合C
4224,南方军工改革灵活配置混合
4225,国寿安保稳诚混合A
4226,国寿安保稳诚混合C
4227,泰信鑫利混合A
4228,泰信鑫利混合C
4232,中欧价值发现混合C
4233,中欧盛世成长混合(LOF)C
4234,中欧数据挖掘混合C
4235,中欧价值智选混合C
4236,中欧新动力混合(LOF)C
4237,中欧新蓝筹混合C
4241,中欧时代先锋股票C
4243,广发道琼斯石油指数人民币C
4244,东方周期优选灵活配置混合
4249,安信中国制造2025混合
4250,银河量化优选混合
4252,国泰安益灵活配置混合C
4258,国寿安保稳嘉混合A
4259,国寿安保稳嘉混合C
4260,德邦稳盈增长灵活配置混合
4263,华安沪港深机会灵活配置混合
4265,金鹰民丰回报定期开放混合
4266,招商沪港深科技创新混合
4270,汇添富民丰回报混合A
4271,汇添富民丰回报混合C
4272,中融量化小盘股票A
4273,中融量化小盘股票C
4274,浦银安恒回报定开混合A
4275,浦银安恒回报定开混合C
4276,浦银安和回报定开混合A
4277,浦银安和回报定开混合C
4278,东方红智逸沪港深定开混合
4279,国寿安保稳荣混合A
4280,国寿安保稳荣混合C
4283,中欧达安一年定开混合
4284,华宝新优选定开混合
4292,鹏华沪深港互联网股票
4301,国寿安保稳信混合A
4302,国寿安保稳信混合C
4321,前海开源沪港深强国产业混合
4332,恒生沪港深新兴产业精选混合
4335,华宝新飞跃灵活配置混合
4340,泰康兴泰回报沪港深混合
4341,农银尖端科技混合
4350,汇丰晋信价值先锋股票
4351,汇丰晋信珠三角区域发展混合
4353,嘉实新添华定期混合
4355,嘉实丰和灵活配置混合
4357,南方智慧混合
4359,创金合信量化核心混合A
4360,创金合信量化核心混合C
4361,上投摩根安通回报混合A
4362,上投摩根安通回报混合C
4374,华泰保兴吉年丰混合发起A
4375,华泰保兴吉年丰混合发起C
4385,中金新安灵活配置混合
4390,平安转型创新混合A
4391,平安转型创新混合C
4393,安信合作创新灵活配置混合
4394,华泰柏瑞量化创优混合
4397,长盛信息安全量化策略混合
4405,国寿安保稳寿混合A
4406,国寿安保稳寿混合C
4408,招商深证100指数C
4410,招商央视财经50指数C
4413,建信民丰回报混合
4424,汇添富文体娱乐混合
4429,南方文旅混合
4434,博时逆向投资混合A
4435,博时逆向投资混合C
4436,添富年年泰定开混合A
4437,添富年年泰定开混合C
4442,中欧康裕混合A
4443,南方荣知定期开放混合A
4444,南方荣知定期开放混合C
4448,博时汇智回报灵活配置混合
4450,嘉实前沿科技沪港深股票
4451,汇添富年年丰定开混合A
4452,汇添富年年丰定开混合C
4455,中欧康裕混合C
4457,光大信多策略智选定开混合
4466,长盛盛杰一年期定开混合
4468,建信瑞福添利混合C
4475,华泰柏瑞富利混合
4477,嘉实沪港深回报混合
4480,华宝智慧产业混合
4481,华宝第三产业混合
4482,泰达宏利港股通股票A
4483,泰达宏利港股通股票C
4484,泰达宏利业绩股票A
4485,泰达宏利业绩股票C
4489,鹏华量化策略混合
4495,博时量化平衡混合
4496,前海开源多元策略混合A
4497,前海开源多元策略混合C
4505,博时新兴消费主题混合
4510,九泰久盛量化先锋混合C
4512,海富通富睿混合C
4513,海富通富睿混合A
4514,鹏华新科技传媒混合
4517,南方安康混合
4521,安信工业4.0灵活配置混合A
4522,安信工业4.0灵活配置混合
4525,中欧达乐一年定开混合
4532,民生加银中证港股通指数A
4533,民生加银中证港股通指数C
4534,添富年年益定开混合A
4535,添富年年益定开混合C
4536,嘉实中小企业量化活力混合
4546,建信量化优享定开混合
4549,富安达消费主题混合
4551,中银证券瑞享混合A
4552,中银证券瑞享混合C
4558,汇安丰裕灵活配置混合A
4559,汇安丰裕灵活配置混合C
4560,汇安丰益混合A
4561,汇安丰益混合C
4569,招商制造业混合C
4573,新华鑫泰灵活配置混合
4576,新华恒益量化灵活配置混合
4604,富国新活力灵活配置混合A
4605,富国新活力灵活配置混合C
4606,上投摩根优选多因子股票
4607,长信利尚一年定开混合
4608,长信乐信灵活配置混合A
4609,长信乐信灵活配置混合C
4612,银河鑫月享定开混合A
4613,银河鑫月享定开混合C
4616,中欧电子信息产业沪港深股票
4617,建信鑫稳回报灵活配置混合A
4618,建信鑫稳回报灵活配置混合C
4634,前海联合泳涛混合A
4640,华夏节能环保股票
4641,万家量化睿选混合
4648,南方安睿混合
4649,国开开航混合
4652,建信鑫利回报灵活配置混合A
4653,建信鑫利回报灵活配置混合C
4666,长城久嘉创新成长混合
4668,建信鑫泽回报灵活配置混合A
4669,建信鑫泽回报灵活配置混合C
4674,富国新机遇灵活配置混合A
4675,富国新机遇灵活配置混合C
4676,中信建投睿信灵活配置混合C
4677,博时战略新兴产业混合
4680,前海开源裕瑞混合A
4683,建信高端医疗股票
4685,金元顺安元启灵活配置混合
4686,华夏研究精选股票
4687,汇添富熙和精选混合A
4688,汇添富熙和精选混合C
4693,前海联合泳隽混合A
4694,天弘策略精选混合A
4696,东兴量化优享混合
4698,博时军工主题股票
4702,南方金融混合
4703,南方兴盛混合
4707,景顺长城睿成混合A
4710,民生加银鹏程混合型
4716,信诚量化阿尔法股票
4719,景顺长城睿成混合C
4720,华夏睿磐泰茂混合A
4721,华夏睿磐泰茂混合C
4724,先锋聚元灵活配置混合A
4725,先锋聚元灵活配置混合C
4730,建信量化事件驱动股票
4731,万家瑞尧灵活配置混合A
4732,万家瑞尧灵活配置混合C
4734,中欧瑾灵灵活配置混合A
4735,中欧瑾灵灵活配置混合C
4737,富国新优享灵活配置混合A
4740,中欧瑞丰灵活配置混合C
4741,农银汇理区间策略混合
4745,长盛创新驱动灵活配置混合
4746,易方达上证50指数C
4747,富国新优享灵活配置混合C
4748,天弘策略精选混合C
4750,广发鑫和灵活配置混合A
4751,广发鑫和灵活配置混合C
4756,国寿安保稳吉混合A
4757,国寿安保稳吉混合C
4760,国寿安保稳瑞混合A
4761,国寿安保稳瑞混合C
4763,中科沃土沃嘉混合A
4764,中科沃土沃嘉混合C
4769,申万菱信价值优先混合
4772,国寿安保稳泰一年定开混合A
4773,国寿安保稳泰一年定开混合C
4774,添富添福吉祥混合
4775,嘉实新添泽定期混合
4777,国都消费升级灵活配置混合
4783,中融量化智选混合C
4784,招商稳健优选股票
4785,中融量化多因子混合C
4788,富荣沪深300指数增强A
4789,富荣沪深300指数增强C
4790,富荣中证500指数A
4791,富荣中证500指数C
4794,富荣福鑫混合A
4795,富荣福鑫混合C
4798,建信智享添鑫定开混合
4801,浦银安盛安久回报定开混合A
4802,浦银安盛安久回报定开混合C
4805,长信消费精选量化股票
4806,长信先机两年定开混合
4809,前海联合润丰混合A
4812,中欧先进制造股票A
4813,中欧先进制造股票C
4814,中欧红利优享混合A
4815,中欧红利优享混合C
4818,国寿安保目标策略混合发起A
4819,国寿安保目标策略混合发起C
4833,先锋聚利混合A
4834,先锋聚利混合C
4836,中融鑫价值混合A
4837,中融鑫价值混合C
4840,东兴品牌精选混合A
4845,南华瑞盈混合发起A
4846,南华瑞盈混合发起C
4848,中欧睿泓定开混合
4851,广发医疗保健股票
4852,广发价值回报混合A
4853,广发价值回报混合C
4854,广发中证全指汽车指数A
4855,广发中证全指汽车指数C
4856,广发中证全指建筑材料指数A
4857,广发中证全指建筑材料指数C
4858,长信量化多策略股票C
4868,交银股息优化混合
4870,融通创业板指数C
4871,中银金融地产混合
4874,融通巨潮100指数C
4875,融通深证成份指数C
4876,融通深证100指数C
4877,汇添富全球医疗混合人民币
4878,汇添富全球医疗混合美元现汇
4879,汇添富全球医疗混合美元现钞
4881,中银量化价值混合
4883,中银证券瑞丰定开混合A
4884,中银证券瑞丰定开混合C
4888,财通资管鑫逸混合A
4889,财通资管鑫逸混合C
4890,中邮文娱灵活配置混合
4895,华商鑫安灵活混合
4897,长安鑫恒回报混合A
4898,长安鑫恒回报混合C
4900,财通资管鑫锐混合A
4901,财通资管鑫锐混合C
4905,华泰柏瑞生物医药混合
4907,长安鑫垚主题混合A
4908,长安鑫垚主题混合C
4913,中银证券聚瑞混合A
4914,中银证券聚瑞混合C
4916,嘉实新添丰定期混合
4917,中银证券祥瑞混合A
4918,中银证券祥瑞混合C
4925,长信低碳环保行业量化股票
4932,招商丰拓灵活混合A
4933,招商丰拓灵活混合C
4936,中航混改精选混合A
4937,中航混改精选混合C
4944,鑫元鑫趋势灵活配置混合A
4945,长信中证500指数增强
4946,汇添富盈润混合A
4947,汇添富盈润混合C
4948,鑫元鑫趋势灵活配置混合C
4950,金元顺安量化多策略混合A
4951,申万菱信价值优利混合
4959,圆信永丰优悦生活混合
4965,泓德致远混合A
4966,泓德致远混合C
4975,交银恒益灵活配置混合
4982,新华安享多裕定开混合
4986,鹏华策略回报混合
4987,诺德新享灵活配置混合
4995,广发品牌消费股票发起式
4996,广发恒生中型股指数C
4997,广发高端制造股票
5000,泰康泉林量化价值精选混合A
5001,交银持续成长主题混合
5004,交银品质升级混合
5007,景顺长城景瑞睿利回报混合
5009,申万菱信行业轮动股票
5014,泰康景泰回报混合A
5015,泰康景泰回报混合C
5018,国金民丰回报6个月定开混合
5021,渤海汇金量化汇盈混合
5027,光大多策略优选定开混合
5028,鹏华研究精选灵活配置混合
5033,银华智能汽车量化股票发起式A
5034,银华智能汽车量化股票发起式C
5035,银华信息科技量化股票发起式
5039,鹏扬景兴混合A
5040,鹏扬景兴混合C
5041,人保研究精选混合A
5042,人保研究精选混合C
5043,国寿安保健康科学混合A
5044,国寿安保健康科学混合C
5049,长安鑫旺价值混合A
5050,长安鑫旺价值混合C
5051,上投标普港股通低波红利指数
5052,上投标普港股通低波红利指数C
5053,银河量化价值混合
5059,南方安福混合
5060,金元顺安量化多策略混合C
5061,农银永益定开混合
5062,博时中证500指数增强A
5063,广发中证全指家用电器指数A
5064,广发中证全指家用电器指数C
5067,融通逆向策略灵活配置混合
5075,富国研究量化精选混合
5080,海富通量化多因子混合C
5081,海富通量化多因子混合A
5082,诺德量化蓝筹增强混合A
5083,诺德量化蓝筹增强混合C
5088,嘉实新添辉定期混合A
5089,嘉实新添辉定期混合C
5090,嘉合睿金混合发起式A
5091,嘉合睿金混合发起式C
5093,中银中债7-10年期国开债指数
5094,万家臻选混合
5095,国泰量化成长优选混合A
5096,国泰量化成长优选混合C
5104,富荣福康混合A
5105,富荣福康混合C
5106,银华农业产业股票发起式
5109,汇安多策略混合A
5110,汇安多策略混合C
5111,泰康泉林量化价值精选混合C
5113,平安沪深300指数量化A
5114,平安沪深300指数量化C
5115,国泰量化价值精选混合A
5116,国泰量化价值精选混合C
5117,金信价值精选灵活配置混合A
5118,金信价值精选灵活配置混合C
5120,上投摩根量化多因子混合
5123,南方优享分红混合A
5125,华宝标普中国A股红利机会指数C
5126,银河量化稳进混合
5128,华夏永康添福混合
5133,兴业量化精选混合
5136,华安幸福生活混合
5137,长信量化价值精选混合
5138,前海开源润鑫混合A
5139,前海开源润鑫混合C
5140,华夏睿磐泰荣混合A
5141,华夏睿磐泰荣混合C
5146,兴银丰润灵活配置混合
5152,农银沪深300指数C
5156,嘉实领航资产配置混合A
5157,嘉实领航资产配置混合C
5161,华商上游产业股票
5164,富荣福锦混合A
5165,富荣福锦混合C
5166,嘉实润和量化定期混合
5167,嘉实润泽量化定期混合
5168,信达澳银新征程定开混合A
5175,国寿安保消费新蓝海混合
5176,富国精准医疗混合
5177,华夏睿磐泰利混合A
5178,华夏睿磐泰利混合C
5179,信达澳银新起点定期开放混合A
5183,博时富时中国A股指数
5186,长安鑫兴混合A
5187,长安鑫兴混合C
5188,海富通量化前锋股票C
5189,海富通量化前锋股票A
5197,工银沪港深精选混合A
5198,工银沪港深精选混合C
5206,南方优选成长混合C
5207,南方高端装备灵活配置混合C
5211,银河智慧混合
5217,建信福泽安泰混合(FOF)
5220,海富通聚优精选混合(FOF)
5221,泰达宏利全能混合(FOF)
5223,广发中证基建工程指数A
5224,广发中证基建工程指数C
5225,广发量化多因子混合
5226,山西改革精选灵活配置混合
5231,红塔红土盛通混合型发起式A
5232,红塔红土盛通混合型发起式C
5233,广发睿毅领先混合
5235,银华食品饮料量化股票发起式
5239,银华文体娱乐量化股票发起式A
5240,银华文体娱乐量化股票发起式
5241,中欧时代智慧混合A
5242,中欧时代智慧混合C
5244,国泰聚优价值灵活配置混合A
5245,国泰聚优价值灵活配置混合C
5247,国都量化精选混合
5250,银华估值优势混合
5251,银华多元动力灵活配置混合
5252,中海添瑞定开混合
5255,浦银安盛港股通量化混合
5256,富国新优选灵活定开混合A
5257,富国新优选灵活定开混合C
5258,景顺长城量化平衡混合
5259,建信龙头企业股票
5260,银华稳健增利灵活配置混合A
5261,银华稳健增利灵活配置混合C
5262,鑫元欣享灵活配置混合A
5263,鑫元欣享灵活配置混合C
5264,国都多策略混合
5265,博时厚泽回报混合A
5266,博时厚泽回报混合C
5267,嘉实价值精选股票
5269,华泰柏瑞港股通量化混合
5270,太平改革红利精选混合
5274,中银景福回报混合
5275,中欧创新成长灵活配置混合A
5276,中欧创新成长灵活配置混合C
5279,华泰紫金红利低波指数发起
5280,安信稳健阿尔法定开混合
5281,中科沃土转型升级混合
5282,中金价值轮动混合A
5283,中金价值轮动混合C
5290,诺德新盛灵活配置混合
5291,华富星玉衡混合A
5292,华富星玉衡混合C
5294,诺德新宜灵活配置混合
5295,诺德天富灵活配置混合
5296,南华丰淳混合A
5297,南华丰淳混合C
5299,万家成长优选混合A
5300,万家成长优选混合C
5301,前海开源景鑫混合A
5302,前海开源景鑫混合C
5303,嘉实医药健康股票A
5304,嘉实医药健康股票C
5310,广发电子信息传媒股票
5311,万家经济新动能混合A
5312,万家经济新动能混合C
5313,万家中证1000指数增强A
5314,万家中证1000指数增强C
5317,万家瑞舜灵活配置混合A
5318,万家瑞舜灵活配置混合C
5323,前海开源泽鑫混合A
5324,前海开源泽鑫混合C
5325,景顺长城泰恒回报混合A
5326,景顺长城泰恒回报混合C
5328,前海开源价值策略股票
5329,添富民安增益定开混合A
5330,添富民安增益定开混合C
5331,益民优势安享混合
5335,浙商全景消费混合
5339,兴业中证国有企业指数增强
5341,长安裕泰混合A
5342,长安裕泰混合C
5343,长安裕盛灵活配置混合A
5344,长安裕盛灵活配置混合C
5351,汇添富行业整合混合
5352,鹏扬景泰成长混合A
5353,鹏扬景泰成长混合C
5354,富国沪港深行业精选混合
5357,富国国企改革灵活配置混合
5358,东方阿尔法精选混合A
5359,东方阿尔法精选混合C
5360,汇安资产轮动混合
5371,中加心悦混合A
5372,中加心悦混合C
5373,中加紫金灵活配置混合A
5374,中加紫金灵活配置混合C
5379,添富价值创造定开混合
5381,泰康睿利量化多策略混合A
5382,泰康睿利量化多策略混合C
5386,银河睿达灵活配置混合A
5387,银河睿达灵活配置混合C
5395,泓德臻远回报混合
5396,中金丰硕混合
5397,南方安养混合
5399,长信量化价值驱动混合
5400,万家潜力价值灵活配置混合A
5401,万家潜力价值灵活配置混合C
5402,广发资源优选股票
5403,南方融尚再融资混合
5404,创金合信价值红利混合C
5409,华泰柏瑞新兴产业混合
5414,创金合信国证A股指数A
5415,创金合信国证A股指数C
5416,鹏华尊惠定期开放混合A
5417,鹏华尊惠定期开放混合C
5418,申万菱信量化驱动混合
5421,中欧嘉泽灵活配置混合
5429,渤海汇金睿选混合A
5430,渤海汇金睿选混合C
5434,鹏华睿投混合
5443,国金量化多策略混合
5444,光大保德信多策略精选混合
5445,华宝价值发现混合
5447,银华智荟分红收益混合
5449,华夏行业龙头混合
5450,华夏稳盛灵活配置混合
5457,景顺长城量化小盘股票
5458,中邮安泰双核混合
5459,银河嘉谊灵活配置混合A
5460,银河嘉谊灵活配置混合C
5463,银华多元收益定开混合A
5464,银华多元收益定开混合C
5472,富国价值驱动灵活配置混合A
5473,富国价值驱动灵活配置混合C
5474,泰康均衡优选混合A
5475,泰康均衡优选混合C
5477,长安鑫禧灵活配置混合A
5478,长安鑫禧灵活配置混合C
5481,银华瑞泰灵活配置混合
5482,博时创新驱动混合A
5483,博时创新驱动混合C
5484,中欧睿选定开混合
5486,平安量化精选混合A
5487,平安量化精选混合C
5489,中金衡优灵活配置混合A
5490,中金衡优灵活配置混合C
5492,农银汇理研究驱动混合
5493,鑫元价值精选混合A
5494,鑫元价值精选混合C
5495,创金合信科技成长股票A
5496,创金合信科技成长股票C
5498,银华积极成长混合
5499,国投瑞银兴颐多策略混合
5502,华泰紫金智能量化股票发起
5504,添富沪港深大盘价值混合
5505,前海开源丰鑫混合A
5506,前海开源丰鑫混合C
5517,富国新趋势灵活配置混合A
5518,富国新趋势灵活配置混合C
5519,银华混改红利灵活配置混合发
5520,国投瑞银创新医疗混合
5521,华安红利精选混合
5522,华泰保兴吉年福定开混合
5523,泰康颐年混合A
5524,泰康颐年混合C
5526,工银新生代消费混合
5530,汇添富价值多因子股票
5533,银华国企改革混合发起式
5534,华夏新时代混合(QDII)
5535,泰信竞争优选混合
5537,中航新起航灵活配置混合A
5538,中航新起航灵活配置混合C
5541,前海开源盛鑫混合A
5542,前海开源盛鑫混合C
5543,银华心诚灵活配置混合
5544,银华瑞和灵活配置混合
5545,中银改革红利灵活配置混合
5549,富国成长优选三年定开混合
5550,汇安成长优选混合A
5551,汇安成长优选混合C
5552,国富新趋势混合A
5553,国富新趋势混合C
5563,创金合信国证1000指数A
5564,创金合信国证1000指数C
5565,创金合信国证2000指数A
5566,创金合信国证2000指数C
5567,创金MSCI中国A股国际指数A
5568,创金MSCI中国A股国际指数C
5569,中融智选红利股票A
5570,中融智选红利股票C
5571,中银证券新能源混合A
5572,中银证券新能源混合C
5576,华泰柏瑞新金融地产混合
5583,易方达港股通红利混合
5585,银河文体娱乐混合
5587,安信比较优势混合
5588,长安裕腾混合A
5589,长信企业精选定开混合
5592,长安裕腾混合C
5593,上投创新商业模式混合
5596,建信战略精选灵活配置混合A
5597,建信战略精选灵活配置混合C
5598,广发中小盘精选混合
5603,嘉实新添康定期混合A
5604,嘉实新添康定期混合C
5609,富国军工主题混合
5612,嘉实核心优势股票发起式
5616,东方量化成长灵活配置混合
5618,融通红利机会主题精选混合A
5619,融通红利机会主题精选混合C
5620,中欧品质消费股票A
5621,中欧品质消费股票C
5623,广发中债1-3年农发债指数
5628,汇安趋势动力股票A
5629,汇安趋势动力股票C
5630,华安研究精选混合
5632,鹏华量化先锋混合
5633,建信中证500指数增强C
5635,博时量化多策略股票A
5636,博时量化多策略股票C
5638,农银汇理量化智慧动力混合
5644,广发沪港深龙头混合
5646,中海沪港深多策略灵活配置混合
5650,万家量化同顺混合A
5651,万家量化同顺混合C
5652,国富天颐混合A
5653,国富天颐混合C
5660,嘉实资源精选股票A
5661,嘉实资源精选股票C
5662,嘉实金融精选股票A
5663,嘉实金融精选股票C
5664,鹏扬景欣混合A
5665,鹏扬景欣混合C
5668,融通新能源汽车主题精选混合
5669,前海开源公用事业股票
5671,前海联合研究优选混合A
5672,前海联合研究优选混合C
5674,诺德消费升级混合
5676,易方达标普消费品指数C
5680,财通资管价值成长混合
5682,财通资管消费精选混合
5683,国寿安保华兴灵活配置混合
5689,中银医疗保健混合
5691,南方中证100指数C
5695,华安睿明两年定开混合A
5696,华安睿明两年定开混合C
5698,华夏全球科技先锋混合
5702,恒生前海港股通高股息指数
5706,兴业龙腾双益平衡混合
5707,富国港股通量化精选股票型
5708,国联安远见成长混合
5711,永赢惠添利灵活配置混合
5724,交银致远智投混合
5726,国泰价值精选灵活配置混合
5728,华宝绿色主题混合
5729,南方人工智能混合
5730,国泰江源优势精选混合
5732,富国臻选成长灵活配置混合
5738,长城智能产业灵活配置混合
5739,富国转型机遇混合
5741,南方君信混合
5742,南方成安优选混合
5743,长安裕隆混合A
5744,长安裕隆混合C
5746,国泰聚利价值定开混合
5760,富国周期优势混合
5764,中欧潜力价值灵活配置混合C
5765,中欧明睿新常态混合C
5769,南方共享经济混合
5774,华夏产业升级混合
5775,中加转型动力混合A
5776,中加转型动力混合C
5777,广发科技动力股票
5787,中欧新趋势混合C
5794,银华心怡灵活配置混合
5795,博时中证500指数增强C
5796,嘉实新添荣定期混合A
5797,嘉实新添荣定期混合C
5802,添富智能制造股票
5805,华泰柏瑞医疗健康混合
5807,安信复兴100指数A
5808,安信复兴100指数C
5810,南方瑞祥一年混合A
5811,南方瑞祥一年混合C
5815,农银汇理睿选灵活配置混合
5819,国泰优势行业混合
5821,万家新机遇龙头企业混合
5823,泰康颐享混合A
5824,泰康颐享混合C
5825,申万菱信智能驱动股票
5826,华夏潜龙精选股票
5827,易方达蓝筹精选混合
5833,工银红利优享混合A
5834,工银红利优享混合C
5835,招商稳祯定期开放混合
5840,富国产业驱动混合
5844,东方人工智能主题混合
5847,富国沪港深业绩驱动混合型
5848,银华裕利混合发起式
5850,财通量化价值优选混合
5851,财通新视野灵活配置混合A
5855,中科沃土沃瑞混合A
5856,中科沃土沃瑞混合C
5859,南方固胜定期开放混合
5865,浦银安盛量化多策略混合A
5866,浦银安盛量化多策略混合C
5867,国泰沪深300指数C
5870,鹏华沪深300指数增强
5875,易方达中盘成长混合
5876,易方达鑫转增利混合A
5877,易方达鑫转增利混合C
5878,博时产业新动力混合C
5883,华宝港股通香港精选混合
5885,金鹰信息产业股票C
5888,华夏新兴消费混合A
5889,华夏新兴消费混合C
5894,华夏优势精选股票
5899,国投瑞银品牌优势混合
5900,国投瑞银行业先锋混合
5901,诺安汇利灵活配置混合A
5902,诺安汇利灵活配置混合C
5903,泰达宏利绩优混合
5906,招商丰茂灵活混合发起式A
5907,招商丰茂灵活混合发起式C
5910,广发龙头优选混合
5911,广发双擎升级混合
5914,景顺长城智能生活混合
5918,天弘沪深300指数C
5919,天弘中证500指数C
5927,创金合信新能源汽车股票A
5928,创金合信新能源汽车股票C
5933,前海联合先进制造混合A
5934,前海联合先进制造混合C
5935,前海联合润丰混合C
5937,工银精选金融地产混合A
5938,工银精选金融地产混合C
5939,工银新能源汽车混合A
5940,工银新能源汽车混合C
5943,工银聚福混合A
5944,工银聚福混合C
5947,德邦民裕进取量化混合A
5948,德邦民裕进取量化混合C
5949,鑫元行业轮动混合A
5950,鑫元行业轮动混合C
5953,人保转型新动力混合A
5954,人保转型新动力混合C
5955,易方达鑫转添利混合A
5956,易方达鑫转添利混合C
5957,华夏聚丰混合(FOF)A
5958,华夏聚丰混合(FOF)C
5959,财通新视野灵活配置混合C
5960,博时量化价值股票A
5961,博时量化价值股票C
5962,宝盈人工智能股票A
5963,宝盈人工智能股票C
5965,安信中证500指数增强A
5966,安信中证500指数增强C
5967,鹏华创新驱动混合
5968,创金合信工业周期股票A
5969,创金合信工业周期股票C
5970,国泰消费优选股票
5974,东方红配置精选混合A
5975,东方红配置精选混合C
5977,中信保诚至兴混合A
5978,中信保诚至兴混合C
5994,国投中证500指数量化增强A
5997,天弘裕利灵活配置混合C
6002,工银医药健康股票A
6003,工银医药健康股票C
6005,诺安鼎利混合A
6006,诺安鼎利混合C
6007,诺安积极配置混合A
6008,诺安积极配置混合C
6009,国融融银灵活配置混合A
6010,国融融银灵活配置混合C
6013,易方达鑫转招利混合A
6014,易方达鑫转招利混合C
6020,广发沪深300指数增强A
6021,广发沪深300指数增强C
6022,富国大盘价值量化混合
6025,诺安优化配置混合
6038,大成景恒混合C
6039,国富估值优势混合
6042,上投摩根尚睿混合(FOF)
6046,兴业聚名灵活配置混合
6048,长城中证500指数增强
6049,恒越研究精选混合A/B
6058,民生加银新兴成长混合
6072,民生加银创新成长混合
6080,海富通电子传媒股票C
6081,海富通电子传媒股票A
6084,融通研究优选混合
6100,平安优势产业混合A
6101,平安优势产业混合C
6103,凯石淳行业精选混合A
6104,华泰柏瑞量化智慧混合C
6109,富荣价值精选混合A
6110,富荣价值精选混合C
6111,泰康弘实3月定开混合
6113,汇添富创新医药混合
6121,华安双核驱动混合
6122,华安低碳生活混合
6125,平安大华鼎兴定开混合A
6126,平安大华鼎兴定开混合C
6128,银河和美生活混合
6132,万家智造优势混合A
6133,万家智造优势混合C
6136,广发估值优势混合
6138,国联安价值优选股票
6154,华安制造先锋混合
6155,新华家盈双利混合A
6156,新华家盈双利混合C
6157,财通量化核心优选混合
6158,博时荣享回报混合A
6159,博时荣享回报混合C
6160,博道启航混合A
6161,博道启航混合C
6165,建信中证1000指数增强A
6166,建信中证1000指数增强C
6167,德邦乐享生活混合A
6168,德邦乐享生活混合C
6179,富国品质生活混合
6190,前海开源裕瑞混合C
6199,长盛同锦研究精选混合
6200,平安大华鼎诚混合
6201,景顺长城量化先锋混合
6202,交银核心资产混合
6209,中信保诚新蓝筹混合
6216,前海开源价值成长混合A
6217,前海开源价值成长混合C
6218,富国生物医药科技混合
6223,交银创新成长混合
6225,人保量化混合A
6226,人保量化混合C
6227,华宝科技先锋混合
6228,中欧医疗创新股票A
6229,中欧医疗创新股票C
6230,鹏华研究驱动混合
6231,国融融君混合A
6232,国融融君混合C
6236,华泰柏瑞现代服务混合
6238,中融智选质量股票A
6239,中融智选质量股票C
6240,中融医疗健康混合A
6241,中融医疗健康混合C
6243,中银双息回报混合
6257,信达澳银先进智造股票型
6263,易方达香港小型股指数C
6265,红土创新新科技股票
6266,永赢智能领先混合A
6269,永赢智能领先混合C
6270,汇安核心成长混合A
6271,汇安核心成长混合C
6281,万家人工智能混合
6292,易方达汇诚养老2043混合(FOF)
6296,鹏华养老2035混合(FO
6299,恒越核心精选混合
6302,银华行业轮动混合
6305,银华尊和养老2035混合(FOF)
6307,嘉实养老2040混合(FO
6308,汇添富全球消费混合人民币A
6309,汇添富全球消费混合人民币C
6310,汇添富全球消费混合美元现汇
6314,中融策略优选混合A
6315,中融策略优选混合C
6323,合煦智远嘉选混合A
6324,合煦智远嘉选混合C
6346,安信量化优选股票A
6347,安信量化优选股票C
6348,银华盛利混合发起式
6350,中金MSCI中国A股价值指数C
6351,中金MSCI中国A股红利指数A
6352,中金MSCI中国A股红利指数C
6353,东方红核心优选定开混合
6362,凯石涵行业精选混合A
6364,招商丰韵混合A
6365,招商丰韵混合C
6366,兴业安保优选混合
6369,弘毅远方国企转型升级混合
6373,国富全球科技互联混合人民币
6374,国富全球科技互联混合美元现汇
6377,广发趋势动力混合
6392,中信保诚创新成长混合
6395,华夏上证50AH优选指数C
6396,长信双利优选混合E
6397,长信内需成长混合E
6398,宝盈祥颐定期开放混合A
6399,宝盈祥颐定期开放混合C
6401,先锋量化优选混合A
6402,先锋量化优选混合C
6408,汇添富消费升级混合
6419,人保优势产业混合A
6420,人保优势产业混合C
6424,嘉合锦程混合A
6425,嘉合锦程混合C
6430,凯石澜龙头经济定开混合
6433,平安鑫利混合C
6442,东兴品牌精选混合C
6449,浙商汇金量化精选混合
6457,平安估值优势混合A
6458,平安估值优势混合C
6462,信达澳银新起点定期开放混合
6463,信达澳银新征程定开混合C
6477,中邮沪港深精选混合
6479,广发纳斯达克100指数C
6486,广发中证1000指数A
6487,广发中证1000指数C
6502,财通集成电路产业股票A
6503,财通集成电路产业股票C
6511,博道卓远混合A
6512,博道卓远混合C
6522,财通新兴蓝筹混合A
6523,财通新兴蓝筹混合C
6524,前海开源MSCI中国A股指数A
6525,前海开源MSCI中国A股指数C
6526,鹏华优选回报混合
6527,富国优质发展混合A
6528,富国优质发展混合C
6529,中欧匠心两年持有期混合A
6530,中欧匠心两年持有期混合C
6531,华泰柏瑞量化驱动混合C
6533,易方达科融混合
6534,农银汇理永盛定期开放混合
6539,南方优选价值混合C
6540,南方绩优成长混合C
6541,南方成份精选混合C
6547,红塔红土盛弘混合A
6548,红塔红土盛弘混合C
6551,中庚价值领航混合
6556,海富通研究精选混合C
6557,海富通研究精选混合A
6567,中泰星元灵活配置混合
6568,国联安行业领先混合
6578,泰康中证港股通非银指数A
6579,泰康中证港股通非银指数C
6586,南方安裕混合C
6587,南方优享分红混合C
6590,南方新优享灵活配置混合C
6600,人保沪深300指数
6601,国融融泰灵活配置混合A
6602,国融融泰灵活配置混合C
6603,嘉实互融精选股票
6604,嘉实消费精选股票A
6605,嘉实消费精选股票C
6610,银华远见混合发起式
6611,人保中证500指数
6614,嘉实港股通新经济指数C
6615,工银战略新兴产业混合A
6616,工银战略新兴产业混合C
6624,中泰玉衡价值优选混合
6633,博时中债1-3政金债指数A
6634,博时中债1-3政金债指数C
6643,华泰柏瑞核心优势混合
6644,弘毅远方消费升级混合
6652,富国金融地产行业混合
6658,财通中证香港红利等权指数A
6659,财通中证香港红利等权指数C
6679,广发道琼斯石油指数美元现汇
6680,广发道琼斯石油指数美元现汇C
6685,农银汇理永安混合
6692,金信消费升级股票A
6693,金信消费升级股票C
6696,汇添富3年封闭研究混合
6700,红土创新稳健混合A
6701,红土创新稳健混合C
6709,工银瑞信聚盈混合A
6710,工银瑞信聚盈混合C
6720,平安核心优势混合A
6721,平安核心优势混合C
6726,农银汇理多因子股票
6736,国投瑞银先进制造混合
6745,交银中债1-3年农发债指数
6749,东兴核心成长混合A
6751,富国互联科技股票
6755,东兴核心成长混合C
6763,汇添富养老2030混合(F
6768,华安沪港深优选混合
6775,前海开源优质成长混合
6780,广发稳健策略混合
6781,汇丰晋信港股通精选股票
6785,东方量化多策略混合
6796,富国消费升级混合
6803,嘉实互通精选股票
6813,博时汇悦回报混合
6814,凯石淳行业精选混合C
6815,凯石涵行业精选混合C
6816,泰康港股通地产指数A
6817,泰康港股通地产指数C
6818,安信盈利驱动股票A
6819,安信盈利驱动股票C
6822,凯石湛混合A
6823,凯石湛混合C
6843,中信建投睿溢混合C
6844,中信建投稳利混合C
6845,中信建投聚利混合C
6857,蜂巢卓睿灵活配置混合A
6858,蜂巢卓睿灵活配置混合C
6863,国联安智能制造混合
6868,华夏科技成长股票
6881,华宝大健康混合
6886,工银养老2050混合(FO
6887,诺德新生活混合A
6888,诺德新生活混合C
6890,上投摩根领先优选混合
6906,创金合信鑫收益混合E
6912,长城久泰沪深300指数C
6921,南方智诚混合
6923,前海开源沪港深非周期股票A
6924,前海开源沪港深非周期股票C
6925,永赢中债1-3年政金债指数
6928,长城创业板指数增强C
6930,泰康港股通TMT指数A
6931,泰康港股通TMT指数C
6937,工银沪深300指数C
6938,鹏华中证500指数(LOF
6939,鹏华沪深300指数(LOF
6952,中银景元回报混合
6969,圆信永丰高端制造混合
6973,太平睿盈混合
6976,鹏华核心优势混合
6977,农银汇理海棠三年定开混合
6982,嘉实新添元定期混合A
6983,嘉实新添元定期混合C
6992,嘉合锦创优势精选混合
7010,国寿安保中债1-3年指数A
7011,国寿安保中债1-3年指数C
7012,湘财长顺混合发起式A
7013,湘财长顺混合发起式C
7021,嘉实中债1-3政金债指数A
7022,嘉实中债1-3政金债指数C
7039,前海联合沪深300指数C
7040,前海联合泳隆混合C
7041,前海联合泳涛混合C
7042,前海联合泳隽混合C
7043,前海联合泓鑫混合C
7046,方正富邦创新动力混合C
7047,长城核心优势混合
7048,平安安心灵活配置混合C
7049,平安鑫安混合E
7063,长盛研发回报混合
7072,民生加银鑫福混合C
7078,工银3-5年国开债指数A
7079,工银3-5年国开债指数C
7082,平安高端制造混合A
7083,平安高端制造混合C
7085,招商瑞庆混合C
7089,国投中证500指数量化增强
7096,大成沪深300指数C
7119,睿远成长价值混合A
7120,睿远成长价值混合C
7130,中庚小盘价值股票
20001,国泰金鹰增长混合
20010,国泰金牛创新成长混合
20011,国泰沪深300指数A
20015,国泰区位优势混合
20018,国泰金鹿混合
20022,国泰策略价值灵活配置混合
20023,国泰事件驱动策略混合
20026,国泰成长优选混合
40001,华安创新混合
40002,华安中国A股增强指数
40004,华安宝利配置混合
40005,华安宏利混合
40007,华安中小盘成长混合
40008,华安策略优选混合
40011,华安核心优选混合
40016,华安行业轮动混合
40020,华安升级主题混合
40025,华安科技动力混合
40035,华安逆向策略混合
40046,华安纳斯达克100指数
40047,华安纳斯达克100指数现钞
40048,华安纳斯达克100指数现汇
50001,博时价值增长混合
50002,博时沪深300指数A
50004,博时精选混合A
50008,博时第三产业混合
50009,博时新兴成长混合
50010,博时特许价值混合A
50014,博时创业成长混合A
50015,博时大中华亚太精选股票
50018,博时行业轮动混合
50026,博时医疗保健行业混合A
50201,博时价值增长贰号混合
70001,嘉实成长收益混合A
70002,嘉实增长混合
70003,嘉实稳健混合
70006,嘉实服务增值行业混合
70011,嘉实策略混合
70012,嘉实海外中国股票混合
70013,嘉实研究精选混合A
70017,嘉实量化阿尔法混合
70018,嘉实回报混合
70019,嘉实价值优势混合
70021,嘉实主题新动力混合
70022,嘉实领先成长混合
70027,嘉实周期优选混合
70032,嘉实优化红利混合
70099,嘉实优质企业混合
80005,长盛量化红利混合
80006,长盛环球行业混合(QDII
80007,长盛同鑫行业配置混合
80008,长盛战略新兴产业混合A
80012,长盛电子信息产业混合
80015,长盛中小盘精选混合
90006,大成2020生命周期混合
90007,大成策略回报混合
90009,大成行业轮动混合
90010,大成中证红利指数
90011,大成核心双动力混合
90013,大成竞争优势混合
90015,大成内需增长混合
90016,大成消费主题混合
90018,大成新锐产业混合
90019,大成景恒混合A
90020,大成健康产业混合
100016,富国天源沪港深平衡混合
100020,富国天益价值混合
100026,富国天合稳健优选混合
100029,富国天成红利混合
100032,富国中证红利指数增强
100038,富国沪深300指数增强
100039,富国通胀通缩主题轮动混合
100056,富国低碳环保混合
100060,富国高新技术产业混合
100061,富国中国中小盘混合
110003,易方达上证50指数A
110009,易方达价值精选混合
110010,易方达价值成长混合
110011,易方达中小盘混合
110012,易方达科汇灵活配置混合
110013,易方达科翔混合
110015,易方达行业领先混合
110023,易方达医疗保健行业混合
110025,易方达资源行业混合
110029,易方达科讯混合
118002,易方达标普消费品指数A
121002,国投瑞银景气行业混合
121003,国投瑞银核心企业混合
121005,国投瑞银创新动力混合
121008,国投瑞银成长优选混合
121010,国投瑞银瑞源灵活配置混合
150016,兴全合润分级混合A
150017,兴全合润分级混合B
150028,信诚中证500指数分级A
150029,信诚中证500指数分级B
150051,信诚沪深300指数分级A
150052,信诚沪深300指数分级B
150083,广发深证100指数分级A
150084,广发深证100指数分级B
150092,诺德深证300指数分级A
150093,诺德深证300指数分级B
150103,银河银泰混合
150104,华安沪深300指数分级A
150105,华安沪深300指数分级B
150106,易方达中小板指数分级A
150107,易方达中小板指数分级B
150117,国泰国证房地产行业指数分级A
150118,国泰国证房地产行业指数分级B
150130,国泰国证医药卫生指数分级A
150131,国泰国证医药卫生指数分级B
150135,国富中证100指数增强分级A
150136,国富中证100指数增强分级B
150143,银华中证转债指数增强分级A
150144,银华中证转债指数增强分级B
150148,信诚中证800医药指数分级A
150149,信诚中证800医药指数分级
150150,信诚中证800有色指数分级
150152,富国创业板指数分级A
150153,富国创业板指数分级B
150157,信诚中证800金融指数分级A
150158,信诚中证800金融指数分级
150167,银华沪深300指数分级A
150168,银华沪深300指数分级B
150169,汇添富恒生指数分级A
150170,汇添富恒生指数分级B
150173,信诚中证TMT产业指数分级A
150174,信诚中证TMT产业指数分级B
150175,银华恒生国企指数分级A
150176,银华恒生国企指数分级B
150181,富国中证军工指数分级A
150182,富国中证军工指数分级B
150184,申万中证环保产业指数分级A
150185,申万中证环保产业指数分级B
150186,申万菱信中证军工指数分级A
150187,申万菱信中证军工指数分级B
150190,新华中证环保产业指数分级A
150191,新华中证环保产业指数分级B
150194,富国中证移动互联网指数分级
150198,国泰国证食品饮料行业指数A
150199,国泰国证食品饮料行业指数B
150205,鹏华中证国防指数分级A
150206,鹏华中证国防指数分级B
150209,富国中证国企改革指数分级A
150210,富国中证国企改革指数分级B
150211,富国中证新能源汽车指数分级A
150212,富国中证新能源汽车指数分级B
150213,国投瑞银中证创业指数分级A
150214,国投瑞银中证创业指数分级B
150215,国泰深证TMT50指数分级
150216,国泰深证TMT50指数分级B
150217,交银国证新能源指数分级A
150218,交银国证新能源指数分级B
150241,富国中证银行指数分级A
150242,富国中证银行指数分级B
150247,工银中证传媒指数分级A
150248,工银中证传媒指数分级B
150249,招商中证银行指数分级A
150250,招商中证银行指数分级B
150251,招商中证煤炭等权指数分级A
150252,招商中证煤炭等权指数分级B
150261,华宝中证医疗指数分级A
150262,华宝中证医疗指数分级B
150263,华宝中证1000指数分级A
150264,华宝中证1000指数分级B
150267,博时中证银行指数分级A
150268,博时中证银行指数分级B
150269,招商中证白酒指数分级A
150270,招商中证白酒指数分级B
150271,招商国证生物医药指数分级A
150272,招商国证生物医药指数分级B
150281,长盛中证金融地产指数分级A
150282,长盛中证金融地产指数分级B
150287,中融国证钢铁行业指数分级A
150288,中融国证钢铁行业指数分级B
150289,中融中证煤炭指数分级A
150290,中融中证煤炭指数分级B
150291,中融中证银行指数分级A
150292,中融中证银行指数分级B
150293,南方中证高铁产业指数分级A
150294,南方中证高铁产业指数分级B
150297,南方中证互联网指数分级A
150298,南方中证互联网指数分级B
150299,华安中证银行指数分级A
150300,华安中证银行指数分级B
150303,华安创业板50指数分级A
150304,华安创业板50指数分级B
150307,富国中证体育产业指数分级A
150308,富国中证体育产业指数分级B
150309,信诚中证信息安全指数分级A
150310,信诚中证信息安全指数分级B
150311,信诚中证智能家居指数分级A
150312,信诚中证智能家居指数分级B
150315,富国中证工业4.0指数分级
150316,富国中证工业4.0指数分级B
150317,交银中证互联网金融指数分级A
150318,交银中证互联网金融指数分级B
150321,富国中证煤炭指数分级A
150322,富国中证煤炭指数分级B
150323,工银中证环保产业指数分级A
150324,工银中证环保产业指数分级B
150325,工银中证高铁产业指数分级A
150326,工银中证高铁产业指数分级B
150327,工银中证新能源指数分级A
150328,工银中证新能源指数分级B
150329,方正富邦保险主题指数分级A
150330,方正富邦保险主题指数分级B
150968,银河研究精选混合
160105,南方积极配置混合(LOF)
160106,南方高增长混合(LOF)
160121,南方金砖四国指数(QDII
160125,南方香港优选股票(QDII)
160135,南方中证高铁产业指数分级
160136,南方中证国有企业改革指数分
160137,南方中证互联网指数分级
160138,南方恒生中国企业精明指数A
160139,南方恒生中国企业精明指数C
160211,国泰中小盘成长混合(LOF
160212,国泰估值优势混合(LOF)
160213,国泰纳斯达克100指数
160215,国泰价值经典混合(LOF)
160218,国泰国证房地产行业指数分级
160219,国泰国证医药卫生指数分级
160220,国泰民益混合(LOF)A
160221,国泰国证有色金属行业指数分级
160222,国泰国证食品饮料行业指数分
160223,国泰创业板指数(LOF)
160225,国泰国证新能源汽车指数
160226,国泰民益混合(LOF)C
160314,华夏行业混合(LOF)
160322,华夏港股通精选股票LOF
160323,华夏磐泰混合(LOF)
160324,华夏磐晟混合(LOF)
160415,华安量化多因子混合(LOF)
160416,华安标普全球石油指数
160417,华安沪深300指数分级
160418,华安中证银行指数分级
160419,华安中证全指证券公司指数分
160420,华安创业板50指数分级
160421,华安智增精选混合
160505,博时主题行业混合(LOF)
160512,博时卓越品牌混合(LOF)
160517,博时中证银行指数分级
160520,博时弘盈定期开放混合A
160521,博时弘盈定期开放混合C
160522,博时睿益事件驱动混合(LOF)
160524,博时弘泰混合
160603,鹏华普天收益混合
160607,鹏华价值优势混合(LOF)
160611,鹏华优质治理混合(LOF)
160613,鹏华盛世创新混合(LOF)
160624,鹏华消费领先混合
160627,鹏华策略优选混合
160642,鹏华增瑞混合(LOF)
160644,鹏华港美互联股票
160716,嘉实基本面50指数(LOF)A
160720,嘉实中证企业债指数A
160721,嘉实中证企业债指数C
160722,嘉实惠泽混合(LOF)
160725,嘉实基本面50指数(LOF
160726,嘉实瑞享定期混合
160814,长盛中证金融地产指数分级
160910,大成创新成长混合
160916,大成优选混合(LOF)
160918,大成中小盘混合(LOF)
160919,大成产业升级股票
160921,大成多策略混合(LOF)
160922,大成恒生综合中小型股指数
160923,大成海外中国机会混合
160924,大成恒生指数
160925,大成中华沪深港300指数
161005,富国天惠成长混合A
161022,富国创业板指数分级
161024,富国中证军工指数分级
161026,富国中证国企改革指数分级
161027,富国中证全指证券公司指数分
161028,富国中证新能源汽车指数分级
161029,富国中证银行指数分级
161030,富国中证体育产业指数分级
161032,富国中证煤炭指数分级
161035,富国中证医药主题指数增强
161036,富国中证娱乐主题指数增强型
161037,富国中证高端制造指数增强型
161038,富国新兴成长量化精选混合
161039,富国中证1000指数增强
161118,易方达中小板指数分级
161124,易方达香港小型股指数A
161125,易方达标普500指数人民币
161132,易方达科顺定开混合
161213,国投瑞银消费服务指数
161217,国投瑞银中证指数
161219,国投瑞银新兴产业混合
161222,国投瑞银瑞利混合(LOF)
161223,国投瑞银中证创业指数分级
161224,国投瑞银新丝路混合(LOF)
161225,国投瑞银瑞盈混合(LOF)
161227,国投瑞银深证100指数
161229,国投瑞银中国价值发现股票
161232,国投瑞银瑞盛混合(LOF)
161233,国投瑞银瑞泰多策略混合
161601,融通新蓝筹混合
161605,融通蓝筹成长混合
161606,融通行业景气混合
161607,融通巨潮100指数A(LO
161609,融通动力先锋混合
161610,融通领先成长混合(LOF)
161611,融通内需驱动混合
161612,融通深证成份指数A
161613,融通创业板指数A
161616,融通医疗保健行业混合
161620,融通核心价值混合
161631,融通人工智能指数(LOF)
161706,招商优质成长混合(LOF)
161714,招商标普金砖四国指数
161718,招商沪深300高贝塔指数分
161720,招商中证全指证券公司指数分
161722,招商丰泰混合(LOF)
161723,招商中证银行指数分级
161724,招商中证煤炭等权指数分级
161725,招商中证白酒指数分级
161726,招商国证生物医药指数分级
161727,招商增荣混合(LOF)
161810,银华内需精选混合(LOF)
161811,银华沪深300指数分级
161818,银华消费分级混合
161819,银华中证内地资源指数分级
161826,银华中证转债指数增强分级
161831,银华恒生国企指数分级
161834,银华鑫锐定增灵活配置混合
161835,银华惠丰定开混合
161903,万家行业优选混合(LOF)
161907,万家中证红利指数(LOF)
162006,长城久富混合(LOF)
162107,金鹰量化精选股票(LOF)
162201,泰达宏利成长混合
162202,泰达宏利周期混合
162203,泰达宏利稳定混合
162204,泰达宏利行业混合
162205,泰达宏利风险预算混合
162207,泰达宏利效率优选混合
162208,泰达宏利首选企业股票
162209,泰达宏利市值优选混合
162211,泰达宏利品质生活混合
162212,泰达宏利红利先锋混合
162213,泰达宏利沪深300指数增强A
162214,泰达宏利领先中小盘混合
162216,泰达宏利500指数分级
162307,海富通中证100指数
162411,华宝标普油气上游股票
162412,华宝中证医疗指数分级
162413,华宝中证1000指数分级
162414,华宝新机遇混合(LOF)A
162605,景顺长城鼎益混合(LOF)
162607,景顺长城资源垄断混合
162703,广发小盘成长混合(LOF)
162714,广发深证100指数分级
162718,广发鑫瑞混合(LOF)
162719,广发道琼斯石油指数人民币A
162907,泰信基本面400指数分级
163001,长信医疗保健混合(LOF)
163110,申万菱信量化小盘股票
163111,申万菱信中小板指数
163114,申万中证环保产业指数分级
163115,申万菱信中证军工指数分级
163209,诺安中证创业成长指数分级
163302,大摩资源优选混合(LOF)
163402,兴全趋势投资混合(LOF)
163406,兴全合润分级混合
163407,兴全沪深300指数(LOF)
163409,兴全绿色投资混合(LOF)
163411,兴全精选混合
163412,兴全轻资产混合(LOF)
163415,兴全商业模式优选混合
163417,兴全合宜混合A
163503,天治核心成长混合(LOF)
163803,中银持续增长混合A
163804,中银收益混合A
163805,中银策略混合
163818,中银中小盘成长混合
163821,中银沪深300等权重指数
163822,中银主题策略混合
163823,中银稳健策略混合
164304,新华中证环保产业指数分级
164403,前海开源沪港深农业混合
164508,国富中证100指数增强分级
164705,汇添富恒生指数分级
164811,工银中证京津冀协同发展指数
164818,工银中证传媒指数分级
164819,工银中证环保产业指数分级
164820,工银中证高铁产业指数分级
164821,工银中证新能源指数分级
164905,交银国证新能源指数分级
164906,交银中证海外中国互联网指数
164907,交银中证互联网金融指数分级
165313,建信优势动力混合(LOF)
165317,建信丰裕多策略灵活配置混合
165508,信诚深度价值混合(LOF)
165511,信诚中证500指数分级
165512,信诚新机遇混合(LOF)
165515,信诚沪深300指数分级
165516,信诚周期轮动混合(LOF)
165522,信诚中证TMT产业指数分级
165523,信诚中证信息安全指数分级
165524,信诚中证智能家居指数分级
165525,信诚中证基建工程指数LOF
165526,信诚新旺混合(LOF)A
165527,信诚新旺混合(LOF)C
165531,信诚多策略灵活配置混合
165707,诺德深证300指数分级
166001,中欧新趋势混合A
166002,中欧新蓝筹混合A
166005,中欧价值发现混合A
166007,中欧互通精选混合A
166009,中欧新动力混合(LOF)A
166011,中欧盛世成长混合(LOF)
166019,中欧价值智选混合A
166020,中欧成长优选混合A
166023,中欧瑞丰灵活配置混合A
166024,中欧恒利三年定期开放混合
166301,华商新趋势优选灵活配置混合
166802,浙商沪深300指数增强
167001,平安鼎泰混合(LOF)
167002,平安鼎越混合(LOF)
167003,平安鼎弘混合(LOF)
167301,方正富邦保险主题指数分级
167601,国金沪深300指数增强
167702,德邦量化优选股票(LOF)A
167703,德邦量化优选股票(LOF)
167705,德邦量化新锐股票A
167706,德邦量化新锐股票C
168001,国寿安保中证养老产业指数分级
168002,国寿安保策略精选混合(LOF)
168101,九泰锐智定增混合
168102,九泰锐富事件驱动混合
168103,九泰锐益定增混合
168104,九泰锐丰灵活配置混合(LO
168105,九泰泰富定增混合
168106,九泰盈华量化混合(LOF)A
168107,九泰盈华量化混合(LOF)C
168108,九泰锐诚混合
168203,中融国证钢铁行业指数分级
168204,中融中证煤炭指数分级
168205,中融中证银行指数分级
168301,东海祥龙混合(LOF)
168601,汇安裕阳定开混合
169101,东方红睿丰混合
169102,东方红睿阳三年混合
169103,东方红睿轩沪港深混合(LOF)
169104,东方红睿满沪港深混合
169105,东方红睿华沪港深混合
169106,东方红创新优选定开混合
169201,浙商鼎盈事件驱动混合
180003,银华-道琼斯88指数A
180010,银华优质增长混合
180012,银华富裕主题混合
180013,银华领先策略混合
180018,银华和谐主题混合
180028,银华永祥灵活配置混合
180031,银华中小盘混合
200001,长城久恒灵活配置混合
200002,长城久泰沪深300指数A
200006,长城消费增值混合
200007,长城安心回报混合
200008,长城品牌优选混合
200010,长城双动力混合
200012,长城中小盘成长混合
200015,长城优化升级混合
200016,长城稳健成长灵活配置混合
202003,南方绩优成长混合A
202005,南方成份精选混合A
202007,南方隆元产业主题混合
202009,南方盛元红利混合
202011,南方优选价值混合A
202019,南方策略优化混合
202023,南方优选成长混合A
202027,南方高端装备灵活配置混合A
202211,南方中证100指数A
202212,南方平衡配置混合
202213,南方核心竞争混合
206002,鹏华精选成长混合
206007,鹏华消费优选混合
206009,鹏华新兴产业混合
206012,鹏华价值精选股票
206013,鹏华宏观灵活配置混合
210001,金鹰成份优选混合
210003,金鹰行业优势混合
210004,金鹰稳健成长混合
210005,金鹰主题优势混合
210006,金鹰元禧混合A
210007,金鹰技术领先灵活配置混合A
210008,金鹰策略配置混合
210009,金鹰核心资源混合
210010,金鹰灵活配置混合A
210011,金鹰灵活配置混合C
213001,宝盈鸿利收益灵活配置混合
213002,宝盈泛沿海增长混合
213003,宝盈策略增长混合
213006,宝盈核心优势混合A
213008,宝盈资源优选混合
217001,招商安泰混合
217009,招商核心价值混合
217010,招商大盘蓝筹混合
217012,招商行业领先混合A
217013,招商中小盘混合
217016,招商深证100指数A
217020,招商安达灵活配置混合
217027,招商央视财经50指数A
229002,泰达宏利逆向策略混合
233001,大摩基础行业混合
233006,大摩领先优势混合
233007,大摩卓越成长混合
233008,大摩消费领航混合
233009,大摩多因子策略混合
233010,大摩深证300指数增强
233011,大摩主题优选混合
233015,大摩量化配置混合
240002,华宝宝康配置混合
240008,华宝收益增长混合
240009,华宝先进成长混合
240010,华宝行业精选混合
240011,华宝大盘精选混合
240014,华宝中证100指数
240017,华宝新兴产业混合
240020,华宝医药生物混合
240022,华宝资源优选混合
241001,华宝海外中国成长混合
253010,国联安安心成长混合
257020,国联安精选混合
257030,国联安优势混合
257040,国联安红利混合
257050,国联安主题驱动混合
257070,国联安优选行业混合
260101,景顺长城优选混合
260104,景顺长城内需增长混合
260108,景顺长城新兴成长混合
260109,景顺长城内需贰号混合
260110,景顺长城精选蓝筹混合
260111,景顺长城公司治理混合
260112,景顺长城能源基建混合
260115,景顺长城中小盘混合
260116,景顺长城核心竞争力混合A
260117,景顺长城支柱产业混合
262001,景顺长城大中华混合
270001,广发聚富混合
270005,广发聚丰混合
270007,广发大盘成长混合
270008,广发核心精选混合
270021,广发聚瑞混合
270022,广发内需增长混合
270023,广发全球精选股票(QDII
270025,广发行业领先混合A
270027,广发全球农业指数(QDII)
270028,广发制造业精选混合
270041,广发消费品精选混合
270042,广发纳斯达克100指数A
270050,广发新经济混合
288001,华夏经典混合
288002,华夏收入混合
290004,泰信优质生活混合
290006,泰信蓝筹精选混合
290008,泰信发展主题混合
290011,泰信中小盘精选混合
290012,泰信行业精选混合A
290014,泰信现代服务业混合
310308,申万菱信盛利精选混合
310318,申万菱信沪深300指数增强
310328,申万菱信新动力混合
310358,申万菱信新经济混合
310368,申万菱信竞争优势混合
310388,申万菱信消费增长混合
310398,申万菱信沪深300价值指数
320001,诺安平衡混合
320003,诺安先锋混合
320005,诺安价值增长混合
320007,诺安成长混合
320010,诺安中证100指数
320011,诺安中小盘精选混合
320012,诺安主题精选混合
320014,诺安沪深300指数增强
320015,诺安行业轮动混合
320016,诺安多策略混合
320020,诺安策略精选股票
320022,诺安研究精选股票
340001,兴全可转债混合
340006,兴全全球视野股票
340007,兴全社会责任混合
340008,兴全有机增长混合
350002,天治低碳经济混合
350008,天治新消费混合
350009,天治研究驱动混合A
360001,光大量化股票
360005,光大红利混合
360006,光大新增长混合
360007,光大优势配置混合
360010,光大均衡精选混合
360012,光大中小盘混合
360016,光大行业轮动混合
370023,上投中证消费指数
370024,上投摩根核心优选混合
370027,上投摩根智选30混合
373010,上投摩根双息平衡混合A
373020,上投摩根双核平衡混合
377010,上投摩根阿尔法混合
377016,上投摩根亚太优势混合
377020,上投摩根内需动力混合
377150,上投摩根健康品质生活混合
377240,上投摩根新兴动力混合A
377530,上投摩根行业轮动混合A
378006,上投摩根全球新兴市场混合
378010,上投摩根成长先锋混合
378546,上投摩根全球天然资源混合
379010,上投摩根中小盘混合
393001,中海优势精选灵活配置混合
398001,中海优质成长混合
398011,中海分红增利混合
398041,中海量化策略混合
398051,中海环保新能源混合
398061,中海消费混合
399011,中海医疗保健主题股票
400001,东方龙混合
400003,东方精选混合
400007,东方策略成长混合
400011,东方核心动力混合
400013,东方成长收益灵活配置混合
400015,东方新能源汽车混合
400023,东方多策略灵活配置混合A
400025,东方新兴成长混合
400032,东方主题精选混合
410003,华富成长趋势混合
410008,华富中证100指数
410009,华富量子生命力混合
410010,华富中小板指数增强
420001,天弘精选混合
420003,天弘永定价值成长混合
420005,天弘周期策略混合
420009,天弘安康颐养混合
450001,国富中国收益混合
450002,国富弹性市值混合
450003,国富潜力组合混合A
450004,国富深化价值混合
450007,国富成长动力混合
450010,国富策略回报混合
450011,国富研究精选混合
457001,国富亚洲机会股票
460001,华泰柏瑞盛世中国混合
460002,华泰柏瑞积极成长混合A
460005,华泰柏瑞价值增长混合
460007,华泰柏瑞行业领先混合
460009,华泰柏瑞量化先行混合
460010,华泰柏瑞亚洲领导企业混合
470006,汇添富医药保健混合
470008,汇添富策略回报混合
470009,汇添富民营活力混合
470028,汇添富社会责任混合
470098,汇添富逆向投资混合
470888,汇添富香港混合(QDII)
481001,工银核心价值混合A
481004,工银稳健成长混合A
481006,工银红利混合
481008,工银大盘蓝筹混合
481009,工银沪深300指数A
481010,工银中小盘混合
481013,工银消费服务混合
481015,工银主题策略混合
481017,工银量化策略混合
483003,工银精选平衡混合
487016,工银瑞信灵活配置混合A
487021,工银优质精选混合
501001,财通多策略精选混合(LOF)
501002,长信价值优选混合
501005,汇添富中证精准医疗指数A
501006,汇添富中证精准医疗指数C
501007,汇添富中证互联网医疗指数A
501008,汇添富中证互联网医疗指数C
501009,汇添富中证生物科技指数A
501010,汇添富中证生物科技指数C
501011,汇添富中证中药指数(LOF
501015,财通多策略升级混合(LOF
501016,国泰中证申万证券行业指数
501017,国泰融丰外延增长混合(LOF)
501019,国泰国证航天军工指数
501022,银华鑫盛灵活配置混合(LO
501023,鹏华香港中小企业指数LOF
501025,鹏华香港银行指数(LOF)
501026,财通多策略福享混合(LOF)
501028,财通多策略福瑞混合(LOF
501030,汇添富中证环境治理指数A
501031,汇添富中证环境治理指数C
501032,财通福盛定增定开混合
501033,银华惠安定期开放混合
501035,创金鼎鑫睿选定开混合(LO
501038,银华明择多策略定期开放混合
501039,汇添富睿丰混合A
501040,汇添富睿丰混合C
501041,汇添富弘安混合A
501042,汇添富弘安混合C
501043,汇添富沪深300指数A
501045,汇添富沪深300指数C
501046,财通多策略福鑫定开混合
501047,汇添富中证全指证券公司指数
501049,东方红睿玺三年定开混合
501050,华夏上证50AH优选指数A
501051,圆信永丰汇利混合(LOF)
501053,东方红目标优选定开混合
501054,东方红睿泽三年定开混合
501055,财通福佑定开混合发起
501060,中金优选300指数(LOF)A
501061,中金优选300指数(LOF
501062,南方瑞合定开混合(LOF)
501063,添富悦享定开混合
501064,国泰价值优选灵活配置混合
501065,汇添富经典成长定开混合
501066,东方红恒元五年定开混合
501067,招商富时A-H50指数A
501068,招商富时A-H50指数C
501070,广发睿阳三年定开混合
501071,泓德三年封闭丰泽混合
501303,广发恒生中型股指数A
501309,国泰恒生港股通指数(LOF
501311,嘉实港股通新经济指数A
502006,易方达国企改革指数分级
502007,易方达国企改革指数分级A
502008,易方达国企改革指数分级B
502036,大成中证互联网金融指数分级
502037,大成中证互联网金融指数分级A
502038,大成中证互联网金融指数分级B
502040,长盛上证50指数分级
502041,长盛上证50指数分级A
502042,长盛上证50指数分级B
502048,易方达上证50指数分级
502049,易方达上证50指数分级A
502050,易方达上证50指数分级B
502056,广发医疗指数分级
502057,广发医疗指数分级A
502058,广发医疗指数分级B
505888,嘉实元和直投封闭混合
510080,长盛全债指数增强债券
510081,长盛动态精选混合
519001,银华价值优选混合
519002,华安安信消费混合
519005,海富通股票混合
519007,海富通强化回报混合
519013,海富通风格优势混合
519017,大成积极成长混合
519018,汇添富均衡增长混合
519019,大成景阳领先混合
519020,国泰金泰灵活配置混合A
519021,国泰金鼎价值混合
519022,国泰金泰灵活配置混合C
519025,海富通领先成长混合
519026,海富通中小盘混合
519029,华夏稳增混合
519033,海富通国策导向混合
519034,海富通中证内地低碳指数
519035,富国天博创新主题混合
519039,长盛同德主题混合
519050,海富通安颐收益混合A
519056,海富通内需热点混合
519062,海富通阿尔法对冲混合
519068,汇添富成长焦点混合
519069,汇添富价值精选混合
519087,新华优选分红混合
519089,新华优选成长混合
519091,新华泛资源优势混合
519093,新华钻石品质企业混合
519095,新华行业周期轮换混合
519097,新华中小市值优选混合
519099,新华灵活主题混合
519110,浦银安盛价值成长混合A
519115,浦银安盛红利精选混合
519117,浦银安盛基本面400指数
519120,浦银战略新兴产业混合
519125,浦银安盛消费升级混合A
519126,浦银安盛新经济结构混合
519127,浦银安盛盛世精选混合A
519130,海富通新内需混合A
519133,海富通改革驱动混合
519134,海富通富祥混合
519139,海富通沪港深灵活配置混合
519150,新华优选消费混合
519156,新华行业灵活配置混合A
519157,新华行业灵活配置混合C
519158,新华趋势领航混合
519167,新华精选低波动股票
519170,浦银安盛增长动力混合
519171,浦银安盛医疗健康混合
519172,浦银安盛睿智精选混合A
519173,浦银安盛睿智精选混合C
519175,浦银安盛经济带崛起混合
519176,浦银安盛消费升级混合C
519177,浦银安盛盛世精选混合C
519180,万家180指数
519183,万家双引擎灵活配置混合
519185,万家精选混合
519191,万家新利灵活配置混合
519196,万家新兴蓝筹灵活配置混合
519198,万家颐和保本混合
519212,万家宏观择时多策略混合
519221,海富通欣益混合C
519222,海富通欣益混合A
519223,海富通欣荣混合C
519224,海富通欣荣混合A
519228,海富通欣享灵活配置混合C
519229,海富通欣享灵活配置混合A
519300,大成沪深300指数A
519601,海富通中国海外混合
519602,海富通大中华混合(QDII)
519610,银河旺利混合A
519611,银河旺利混合C
519612,银河旺利混合I
519613,银河君尚混合A
519614,银河君尚混合C
519615,银河君尚混合I
519616,银河君信混合A
519617,银河君信混合C
519618,银河君信混合I
519619,银河君荣灵活配置混合A
519620,银河君荣灵活配置混合C
519621,银河君荣灵活配置混合I
519623,银河君耀混合A
519624,银河君耀混合C
519625,银河君盛混合A
519626,银河君盛混合C
519627,银河君润混合A
519628,银河君润混合C
519629,银河睿利混合A
519630,银河睿利混合C
519640,银河鸿利混合A
519641,银河鸿利混合C
519642,银河智造混合
519644,银河智联混合
519646,银河鑫利混合I
519647,银河鸿利混合I
519651,银河转型混合
519652,银河鑫利混合A
519653,银河鑫利混合C
519655,银河服务混合
519656,银河灵活配置混合A
519657,银河灵活配置混合C
519664,银河美丽混合A
519665,银河美丽混合C
519668,银河成长混合
519670,银河行业混合
519672,银河蓝筹混合
519673,银河康乐股票
519674,银河创新成长混合
519677,银河定投宝腾讯济安指数
519678,银河消费混合
519679,银河主题混合
519688,交银精选混合
519690,交银稳健配置混合A
519692,交银成长混合A
519694,交银蓝筹混合
519696,交银环球精选混合(QDII
519697,交银优势行业混合
519698,交银先锋混合
519700,交银主题优选混合
519702,交银趋势混合
519704,交银先进制造混合
519709,交银全球资源混合(QDII
519710,交银策略回报灵活配置混合
519712,交银阿尔法核心混合
519714,交银消费新驱动股票
519726,交银荣祥保本混合
519727,交银成长30混合
519732,交银定期支付双息平衡混合
519736,交银新成长混合
519738,交银周期回报灵活配置混合A
519752,交银新回报灵活配置混合A
519755,交银多策略回报灵活配置混合
519756,交银国企改革灵活配置混合
519759,交银周期回报灵活配置混合C
519760,交银新回报灵活配置混合C
519761,交银多策略回报灵活配置混合C
519766,交银荣鑫保本混合
519767,交银科技创新灵活配置混合
519768,交银优选回报灵活配置混合A
519769,交银优选回报灵活配置混合C
519770,交银优择回报灵活配置混合A
519771,交银优择回报灵活配置混合C
519772,交银新生活力灵活配置混合
519773,交银数据产业灵活配置混合
519778,交银经济新动力混合
519779,交银沪港深价值精选混合
519908,华夏兴华混合A
519909,华安安顺混合
519915,富国消费主题混合
519918,华夏兴和混合
519929,长信电子信息行业量化混合
519931,长信港股通指数
519935,长信创新驱动股票
519949,长信利信灵活配置混合
519951,长信利泰灵活配置混合
519956,长信睿进混合C
519957,长信睿进混合A
519959,长信多利混合
519960,长信利广混合C
519961,长信利广混合A
519962,长信利盈混合C
519963,长信利盈混合A
519965,长信量化多策略股票A
519969,长信新利灵活配置混合
519971,长信改革红利混合
519975,长信量化中小盘股票
519979,长信内需成长混合A
519983,长信量化先锋混合A
519987,长信恒利优势混合
519991,长信双利优选混合A
519993,长信增利动态策略混合
519995,长信金利趋势混合
519997,长信银利精选混合
530001,建信恒久价值混合
530003,建信优选成长混合A
530006,建信核心精选混合
530011,建信内生动力混合
530012,建信积极配置混合
530019,建信社会责任混合
539001,建信全球机遇混合(QDII
539002,建信新兴市场混合(QDII)
539003,建信全球资源混合(QDII)
540002,汇丰晋信龙腾混合
540004,汇丰晋信2026周期混合
540006,汇丰晋信大盘股票A
540007,汇丰晋信中小盘股票
540012,汇丰晋信恒生龙头指数A
550001,信诚四季红混合
550002,中信保诚精萃成长混合
550003,信诚盛世蓝筹混合
550008,信诚优胜精选混合
550009,信诚中小盘混合
560006,益民核心增长混合
570001,诺德价值优势混合
570005,诺德成长优势混合
570006,诺德中小盘混合
570007,诺德优选30混合
570008,诺德周期策略混合
580001,东吴嘉禾优势精选混合
580002,东吴双动力混合
580003,东吴行业轮动混合
580005,东吴进取策略混合
580006,东吴新经济混合
580007,东吴安享量化混合
580008,东吴新产业精选混合
580009,东吴多策略灵活配置混合
582003,东吴配置优化灵活配置混合
585001,东吴中证新兴指数
590001,中邮核心优选混合
590002,中邮核心成长混合
590005,中邮核心主题混合
590006,中邮中小盘灵活配置混合
590007,中邮上证380指数增强
590008,中邮战略新兴产业混合
610001,信达澳银领先增长混合
610004,信达澳银中小盘混合
610005,信达澳银红利回报混合
610006,信达澳银产业升级混合
610007,信达澳银消费优选混合
620001,金元顺安宝石动力混合
620002,金元顺安成长动力混合
620004,金元顺安价值增长混合
620006,金元顺安消费主题混合
620007,金元顺安优质精选混合A
630002,华商盛世成长混合
630005,华商动态阿尔法混合
630006,华商产业升级混合
630008,华商策略精选混合
630010,华商价值精选混合
630011,华商主题精选混合
630015,华商大盘量化精选混合
630016,华商价值共享混合
660001,农银行业成长混合
660004,农银策略价值混合
660005,农银中小盘混合
660006,农银大盘蓝筹混合
660008,农银沪深300指数A
660010,农银策略精选混合
660012,农银消费主题混合
660015,农银行业轮动混合
671010,西部利得策略优选混合
671030,西部利得事件驱动股票
673010,西部利得新动向混合
673020,西部利得成长精选混合
673030,西部利得多策略优选混合
673040,西部利得行业主题优选混合A
673043,西部利得行业主题优选混合C
673050,西部利得新盈混合
673060,西部利得景瑞灵活配置混合
673071,西部利得新动力混合A
673073,西部利得新动力混合C
673081,西部利得祥运混合A
673083,西部利得祥运混合C
673090,西部利得个股精选股票
673100,西部利得沪深300指数增强A
673101,西部利得沪深300指数增强
673110,西部利得新润混合
673120,西部利得新富混合
673141,西部利得景程混合A
673143,西部利得景程混合C
688888,浙商聚潮产业成长混合
690003,民生加银精选混合
690004,民生加银稳健成长混合
690005,民生加银内需增长混合
690007,民生加银景气行业混合
690008,民生中证内地资源主题指数
690009,民生加银红利回报混合
690011,民生加银积极成长混合发起式
700001,平安行业先锋混合
700002,平安深证300指数增强
700003,平安策略先锋混合
700004,平安灵活配置混合
710001,富安达优势成长混合
710002,富安达策略精选混合
720001,财通价值动量混合
730001,方正富邦创新动力混合A
730002,方正富邦红利精选混合
740001,长安宏观策略混合
750001,安信灵活配置混合
750005,安信平稳增长混合发起A
770001,德邦优化混合
1,华夏成长混合
11,华夏大盘精选混合
29,富国宏观策略灵活配置混合
30,长城核心优选混合
41,华夏全球股票(QDII)
43,嘉实美国成长股票人民币
44,嘉实美国成长股票美元现汇
58,国联安安泰灵活配置混合
66,诺安鸿鑫混合
72,华安稳健回报混合
73,上投摩根成长动力混合
126,招商安润混合
166,中海信息产业精选混合
195,工银成长收益混合A
196,工银成长收益混合B
215,广发趋势优选灵活配置混合A
219,博时裕益混合
270,建信灵活配置混合
273,华润元大安鑫灵活配置混合A
311,景顺长城沪深300指数增强
328,上投摩根转型动力灵活配置混合
336,农银研究精选混合
362,国泰聚信价值优势混合A
363,国泰聚信价值优势混合C
390,华商优势行业混合
411,景顺长城优质成长股票
418,景顺长城成长之星股票
457,上投摩根核心成长股票
458,英大领先回报混合发起式
512,国泰沪深300指数增强A
524,上投摩根民生需求股票
534,长盛高端装备混合
535,长盛航天海工装备灵活配置混合
554,中国梦灵活配置混合
557,国投瑞银新机遇灵活配置混合
574,宝盈新价值混合A
586,景顺长城中小板创业板精选股票
593,易方达标普消费品指数美元现
609,华商新量化混合
639,宝盈祥瑞混合A
646,华润元大量化优选混合A
652,博时裕隆灵活配置混合
684,长盛养老健康产业灵活配置混合
695,大成景益平稳收益混合A
714,诺安稳健回报灵活配置混合A
762,汇添富绝对收益定开混合A
822,东海美丽中国灵活配置混合
823,银华高端制造业混合
854,鹏华养老产业股票
884,民生加银优选股票
904,银华回报定开混合
924,宝盈先进制造混合A
1050,汇添富成长多因子量化策略股票
1092,广发生物科技指数(QDII)
1189,广发聚宝混合A
1358,宝盈祥泰混合A
1481,华宝标普油气上游股票美元A
1499,国投瑞银新增长混合A
1543,宝盈新锐混合A
1556,天弘中证500指数增强A
1557,天弘中证500指数增强C
1604,浙商汇金转型升级灵活配置混合
1615,中欧睿尚定期开放混合A
1641,富国绝对收益多策略混合A
1662,创金合信沪港深精选混合
1724,申万菱信多策略灵活配置混合C
1739,中融融安混合二号
1795,上投摩根文体休闲灵活配置混合
1849,前海开源强势共识100强股票
1886,中欧行业成长混合(LOF)E
1917,招商量化精选股票A
1932,国寿安保灵活优选混合
2031,华夏策略混合
2063,国泰沪深300指数增强C
2076,浙商中证500指数增强A
2256,金信行业优选混合发起式
2282,平安安享灵活配置混合A
2305,光大保德信风格轮动混合A
2310,创金合信沪深300指数增强A
2365,国联安鑫禧灵活配置混合A
2366,国联安鑫禧灵活配置混合C
2387,工银沪港深股票A
2408,中信建投医改混合A
2411,华夏新机遇混合A
2415,融通通盈灵活配置混合
2419,汇添富盈安灵活配置混合
2420,汇添富盈鑫混合
2446,广发利鑫灵活配置混合
2458,国泰民利策略收益混合
2489,国泰民福策略价值混合
2498,兴业聚鑫灵活配置混合A
2510,申万菱信中证500指数增强A
2512,长城久润混合
2537,平安安盈灵活配置混合
2542,长城久鼎混合
2598,平安消费精选混合A
2599,平安消费精选混合C
2601,中银证券价值精选混合
2604,华夏新起点混合A
2612,融通通慧混合A/B
2622,广发稳裕混合
2666,前海开源沪港深创新成长混合A
2683,民生加银前沿科技灵活配置混合
2690,前海开源恒泽混合A
2691,前海开源恒泽混合C
2703,长城久源灵活配置混合
2714,鹏华金城混合
2837,华夏网购精选混合A
2938,中银证券健康产业混合
2959,汇添富盈泰混合
2983,长信国防军工量化混合A
3059,长信先利半年定开混合A
3126,长信易进混合A
3127,长信易进混合C
3184,中证财通可持续发展100指数C
3189,汇添富保鑫混合
3305,前海开源沪港深核心资源混合
3416,招商财经大数据股票A
3548,泰达宏利沪深300指数增强
3581,前海联合国民健康混合A
3598,华商润丰灵活配置混合A
3646,创金合信中证1000指数增
3760,国泰中证500指数增强A
3761,国泰中证500指数增强C
3876,华宝沪深300指数增强A
3940,银华盛世精选灵活配置混合发起式
3986,申万菱信中证500指数优选
3988,银华中债10年期金融债指数C
4085,工银国债(7-10年)指数A
4166,东方价值挖掘灵活配置混合A
4189,华商消费行业股票
4218,前海开源裕和混合A
4512,海富通沪深300指数增强C
4513,海富通沪深300指数增强A
4522,安信工业4.0灵活配置混合C
4557,北信瑞丰鼎丰灵活配置混合
4616,中欧电子信息产业沪港深股票A
4695,东兴未来价值混合A
4710,民生加银鹏程混合A
4851,广发医疗保健股票A
4976,华润元大景泰混合A
4977,华润元大景泰混合C
5029,中银产业精选混合
5059,南方安福混合A
5133,兴业量化混合A
5137,长信沪深300指数增强A
5221,泰达宏利全能混合(FOF)A
5240,银华文体娱乐量化股票发起式C
5248,新华沪深300指数增强A
5305,长信合利混合A
5306,长信合利混合C
5339,兴业中证国有企业指数增强A
5368,富国清洁能源产业混合
5491,兴全合宜混合(LOF)C
5505,前海开源中药股票A
5506,前海开源中药股票C
5519,银华混改红利灵活配置混合发起式
5623,广发中债1-3年农发债指数A
5634,汇安行业龙头混合
5925,建信福泽裕泰混合(FOF)A
5926,建信福泽裕泰混合(FOF)C
5984,兴业聚华混合A
5985,兴业聚华混合C
6048,长城中证500指数增强A
6106,景顺长城量化港股通股票
6123,中融高股息混合A
6124,中融高股息混合C
6175,万家聚利混合A
6176,万家聚利混合C
6198,长盛龙头双核驱动混合
6233,万家汽车新趋势混合A
6234,万家汽车新趋势混合C
6235,东方城镇消费主题混合
6245,嘉实养老2030混合(FOF)
6251,银华兴盛股票
6259,添富红利增长混合A
6260,添富红利增长混合C
6292,易方达汇诚养老2043混合
6296,鹏华养老2035混合(FOF)
6299,恒越核心精选混合A
6305,银华尊和养老2035混合(
6307,嘉实养老2040混合(FOF)
6336,泓德量化精选混合
6345,景顺长城集英两年定开混合
6370,国富大中华精选混合美元
6371,长安鑫盈混合A
6372,长安鑫盈混合C
6374,国富全球科技互联混合美元现
6400,凯石泓行业轮动混合
6429,诺安恒鑫混合
6435,景顺长城创新成长混合
6462,信达澳银新起点定期开放混合C
6537,恒生前海港股通精选混合
6564,圆信永丰精选回报混合
6573,人保行业轮动混合A
6574,人保行业轮动混合C
6595,广发港股通优质增长混合
6608,泓德研究优选混合
6648,汇安多因子混合A
6649,汇安多因子混合C
6671,广发消费升级股票
6675,宝盈品牌消费股票A
6676,宝盈品牌消费股票C
6689,方正富邦信泓混合A
6718,国融融盛龙头严选混合A
6719,国融融盛龙头严选混合C
6729,万家中证500指数增强A
6730,万家中证500指数增强C
6745,交银中债1-3年农发债指数A
6746,交银中债1-3年农发债指数C
6759,银河乐活优萃混合
6763,汇添富养老2030混合(FOF)
6769,长城研究精选混合
6786,泰康港股通大消费指数A
6787,泰康港股通大消费指数C
6792,鹏华港美互联股票美元现汇
6801,前海联合科技先锋混合A
6802,前海联合科技先锋混合C
6809,泰康香港银行指数A
6810,泰康香港银行指数C
6820,凯石源混合A
6821,凯石源混合C
6877,天治量化核心精选混合A
6878,天治量化核心精选混合C
6879,华安智能生活混合
6886,工银养老2050混合(FOF)
6904,泰康产业升级混合A
6905,泰康产业升级混合C
6926,长城量化精选股票
6945,银河臻选多策略混合A
6967,财通行业龙头精选混合A
6968,财通行业龙头精选混合C
6973,太平睿盈混合A
6981,中金新医药股票A
7005,中金新医药股票C
7016,富国睿泽回报混合
7044,博道沪深300指数增强A
7045,博道沪深300指数增强C
7056,银华积极精选混合
7060,汇添富养老2050混合(FOF)
7066,浦银安盛先进制造混合A
7067,浦银安盛先进制造混合C
7074,国寿安保新蓝筹混合
7080,建信中债5-10国开指数A
7081,建信中债5-10国开指数C
7084,天治转型升级混合
7090,海富通养老混合(FOF)
7092,鑫元中债3-5年国开债指数A
7093,鑫元中债3-5年国开债指数
7101,中欧远见两年定开混合C
7110,国投瑞银港股通混合
7111,前海联合国民健康混合C
7113,永赢高端制造混合A
7114,永赢高端制造混合C
7122,工银1-3年国开债指数A
7123,工银1-3年国开债指数C
7124,工银1-3年农发债指数A
7125,工银1-3年农发债指数C
7126,博道远航混合A
7127,博道远航混合C
7132,长城港股通混合
7133,嘉实长青竞争优势股票A
7134,嘉实长青竞争优势股票C
7146,鹏华研究智选混合
7151,前海开源沪港深聚瑞混合
7155,银河中债央企20债券指数
7165,华夏中债1-3年政金债指数A
7166,华夏中债1-3年政金债指数
7177,浙商智能行业优选混合A
7186,华夏中债3-5年政金债指数
7188,嘉实养老2050混合(FO
7192,恒越研究精选混合C
7193,恒越核心精选混合C
7203,银河新动能混合
7207,华夏常阳三年定开混合
7217,浙商智能行业优选混合C
7230,兴全沪深300指数(LOF
7233,金鹰鑫益混合E
7243,安信核心竞争力混合A
7244,安信核心竞争力混合C
7247,易方达汇智稳健养老混合(FOF)
7249,广发均衡养老三年持有混合(
7250,广发养老2050混合(FO
7251,广发睿享稳健增利混合
7252,广发中债农发债总指数A
7253,广发中债农发债总指数C
7254,广发均衡价值混合
7257,凯石沣混合A
7258,凯石沣混合C
7261,融通消费升级混合
7266,嘉实新添益定期混合A
7267,嘉实新添益定期混合C
7271,鹏华养老2045混合(FOF)
7272,景顺稳健养老目标三年混合(FOF)
7273,鹏华长乐稳健养老混合(FOF)
7274,景顺长城养老混合(FOF)
7275,银河沪深300指数增强A
7276,银河沪深300指数增强C
7277,恒生前海消费升级混合
7280,上投摩根日本精选股票(QD
7281,嘉合消费升级混合
7287,合煦智远消费主题股票发起式
7291,汇丰晋信港股通双核策略混合
7293,长信利信混合C
7294,长信利信混合E
7305,国联安新科技混合
7308,华宝消费升级混合
7310,银华尊尚稳健养老混合(FOF)
7318,中银民丰回报混合
7324,鑫元中债1-3年国开债指数
7326,国投瑞银新增长混合C
7334,中银消费活力混合
7340,南方科技创新混合A
7341,南方科技创新混合C
7343,嘉实科技创新混合
7345,富国科技创新灵活配置混合
7346,易方达科技创新混合
7349,华夏科技创新混合A
7350,华夏科技创新混合C
7353,工银科技创新3年封闭混合
7355,汇添富科技创新混合A
7356,汇添富科技创新混合C
7366,易方达中债3-5年政金融债指数A
7367,易方达中债3-5年政金融债指数C
7368,浙商沪港深精选混合A
7369,浙商沪港深精选混合C
7381,国融融信消费严选混合A
7382,国融融信消费严选混合C
7385,华泰保兴安盈定开混合
7386,浙商中证500指数增强C
7387,融通通慧混合C
7393,上银未来生活灵活配置混合
7399,凯石浩品质经营混合A
7400,凯石浩品质经营混合C
7404,华宝沪深300指数增强C
7405,华宝中证100指数C
7407,农银养老2035混合(FOF)
7412,景顺长城绩优成长混合
7413,长城中证500指数增强C
7415,南方致远混合A
7416,南方致远混合C
7421,中金衡盈混合A
7422,中金衡盈混合C
7448,长信沪深300指数增强C
7449,兴全多维价值混合A
7450,兴全多维价值混合C
7455,富国蓝筹精选股票(QDII
7460,华安成长创新混合
7464,交银创业板50指数A
7465,交银创业板50指数C
7468,中信建投精选混合A
7469,中信建投精选混合C
7470,博道叁佰智航股票A
7471,博道叁佰智航股票C
7481,华夏逸享健康混合
7484,信达澳银核心科技混合
7490,南方信息创新混合A
7491,南方信息创新混合C
7493,朱雀产业臻选混合A
7494,朱雀产业臻选混合C
7497,中庚价值灵动灵活配置混合
7499,光大保德信风格轮动混合C
7501,万家科创3年封闭混合C
7502,前海开源裕和混合C
7505,华夏AH经济蓝筹股票A
7506,华夏AH经济蓝筹股票C
7509,华商润丰灵活配置混合C
7512,工银沪港深股票C
7514,大成景益平稳收益混合C
7518,东方阿尔法优选混合A
7519,东方阿尔法优选混合C
7523,汇添富内需增长股票A
7524,汇添富内需增长股票C
7527,融通量化多策略混合A
7528,融通量化多策略混合C
7533,格林创新成长混合A
7534,格林创新成长混合C
7548,易方达ESG责任投资股票
7549,中泰开阳价值优选混合
7550,东兴未来价值混合C
7553,中信建投医改混合C
7569,南方安福混合C
7570,方正富邦红利精选混合C
7574,宝盈新价值混合C
7575,宝盈祥泰混合C
7577,宝盈祥瑞混合C
7578,宝盈新锐混合C
7579,宝盈先进制造混合C
7580,宝盈中证100指数增强C
7581,宝盈鸿利收益灵活配置混合C
7590,华宝绿色领先股票
7592,华夏价值精选混合
7593,鹏扬中证500质量成长指数
7613,嘉合医疗健康混合
7614,德邦民裕进取量化精锐股票A
7615,德邦民裕进取量化精锐股票C
7632,华润元大安鑫灵活配置混合C
7639,汇添富3年封闭竞争优势混合
7651,工银养老2045三年持有混合(FOF)
7657,东方红中证竞争力指数A
7658,东方红中证竞争力指数C
7663,平安安享灵活配置混合C
7664,永赢创业板指数发起式A
7665,永赢创业板指数发起式C
7669,太平睿盈混合C
7671,建信中证红利潜力指数A
7672,建信中证红利潜力指数C
7674,工银产业升级股票A
7675,工银产业升级股票C
7678,泰达宏利品牌升级混合A
7679,泰达宏利品牌升级混合C
7685,华商电子行业量化股票
7686,东方价值挖掘灵活配置混合C
7687,东方成长收益灵活配置混合C
7689,国投瑞银新能源混合A
7690,国投瑞银新能源混合C
7694,泰达养老2040三年持有混合(FOF)C
7713,华富科技动能混合
7718,中银创新医疗混合
7725,招商瑞文混合A
7726,招商瑞文混合C
7731,民生加银持续成长混合A
7732,民生加银持续成长混合C
7733,南方智锐混合A
7734,南方智锐混合C
7749,民生加银鹏程混合C
7750,广发优势增长股票
7770,同泰开泰混合A
7771,同泰开泰混合C
7775,汇安量化先锋混合A
7776,汇安量化先锋混合C
7777,中邮研究精选混合
7779,银华尊和养老2030混合(FOF)
7780,银华尊和养老2040混合(FOF)
7781,天弘弘新混合发起式
7798,申万中证申万新兴健康产业指数C
7799,申万菱信中小板指数C
7801,大成中证红利指数C
7802,兴全合泰混合A
7803,兴全合泰混合C
7804,申万菱信沪深300指数增强C
7806,建信MSCI中国A股指数增
7811,淳厚信泽混合A
7812,淳厚信泽混合C
7825,博道志远混合A
7826,博道志远混合C
7827,华润元大量化优选混合C
7831,博道伍佰智航股票A
7832,博道伍佰智航股票C
7835,国泰鑫睿混合
7844,华宝标普油气上游股票人民币
7846,华富中债-0-5年中高等级信用债指数A
7847,华富中债-0-5年中高等级信用债指数C
7848,广发聚宝混合C
7850,方正富邦天睿混合A
7851,方正富邦天睿混合C
7853,华商计算机行业量化股票
7854,光大保德信景气先锋混合
7855,九泰久弘灵活配置混合A
7863,长信利泰灵活配置混合C
7872,金信稳健策略灵活配置混合
7875,国融融兴混合A
7876,国融融兴混合C
7880,朱雀产业智选混合A
7881,朱雀产业智选混合C
7884,易方达恒盛3个月定开混合
7887,东方红启元三年持有混合B
7893,平安估值精选混合A
7894,平安估值精选混合C
7895,嘉实价值成长混合
7898,富国智诚精选混合(FOF)
7899,大成远见成长混合A
7900,大成远见成长混合C
7903,长城量化小盘股票
7904,广发锐意进取3个月持有混合
7923,方正富邦天鑫混合A
7924,方正富邦天鑫混合C
7925,平安鑫享混合E
7933,嘉合永泰优选三个月持有混合(FOF)A
7934,嘉合永泰优选三个月持有混合(FOF)C
7939,华夏网购精选混合C
7943,富安达中证500指数增强
7946,大成中债1-3年国开债指数A
7947,大成中债1-3年国开债指数C
7950,招商量化精选股票C
7952,招商财经大数据股票C
7959,方正富邦天恒混合A
7960,方正富邦天恒混合C
7962,博时中债3-5政金融债指数
7965,民生加银品质消费股票A
7966,民生加银品质消费股票C
7994,华夏中证500指数增强A
7995,华夏中证500指数增强C
8009,华商高端装备制造股票
8015,嘉实中债3-5年国开债指数
8025,汇添富稳健增长混合A
8026,汇添富稳健增长混合C
8033,中加科盈混合A
8034,中加科盈混合C
8037,兴银先锋成长混合A
8038,兴银先锋成长混合C
8041,长信先利半年定开混合C
8042,兴业中证银行50金融债指数A
8043,兴业中证银行50金融债指数C
8050,同泰慧择混合A
8051,同泰慧择混合C
8058,鹏华鑫享稳健混合A
8059,鹏华鑫享稳健混合C
8061,惠升惠新混合A
8062,惠升惠新混合C
8063,汇添富大盘核心资产混合
8065,汇添富中盘积极成长混合A
8066,汇添富中盘积极成长混合C
8071,长信利泰灵活配置混合E
8073,招商中债-1-3年央企债券指数A
8074,招商中债-1-3年央企债券指数C
8075,招商核心优选股票A
8076,招商核心优选股票C
8077,九泰天奕量化价值混合A
8078,农银汇理区间精选混合
8082,国寿安保研究精选混合A
8083,国寿安保研究精选混合C
8084,海富通先进制造股票C
8085,海富通先进制造股票A
8091,中信保诚红利精选混合A
8092,中信保诚红利精选混合C
8093,同泰慧选混合发起式A
8094,同泰慧选混合发起式C
8099,广发价值领先混合
8107,华商医药医疗行业股票
8110,九泰科盈价值混合A
8112,中泰中证500指数增强A
8113,中泰中证500指数增强C
8116,银华沪深股通精选混合
8119,鹏华金享混合
8120,万家自主创新混合A
8121,万家自主创新混合C
8124,中邮中证500指数增强C
8127,广发趋势优选灵活配置混合C
8128,湘财长源股票型A
8129,湘财长源股票型C
8132,鹏华价值驱动混合
8133,华安优质生活混合
8134,鹏华优选价值股票
8136,九泰科盈价值混合C
8137,九泰天奕量化价值混合C
8138,富国龙头优势混合
8140,汇添富绝对收益定开混合C
8141,九泰久弘灵活配置混合C
8144,工银智远配置三个月混合(FOF)
8162,浦银安盛经济带崛起混合C
8166,工银消费股票A
8167,工银消费股票C
8168,汇添富聚焦成长三个月混合FOF
8169,汇添富核心优势三个月混合(FOF)
8174,国泰蓝筹精选混合A
8175,国泰蓝筹精选混合C
8177,建信高股息主题股票
8178,同泰慧盈混合A
8179,同泰慧盈混合C
8182,方正富邦信泓混合C
8184,新华沪深300指数增强C
8185,诺安研究优选混合
8186,淳厚信睿混合A
8187,淳厚信睿混合C
8188,前海开源稳健增长三年混合
8208,博道嘉泰回报混合
8209,南方宝泰一年混合A
8210,南方宝泰一年混合C
8212,华夏新机遇混合C
8213,华夏新起点混合C
8218,兴业量化混合C
8220,兴业中证国有企业指数增强C
8221,兴业聚鑫灵活配置混合C
8227,宝盈研究精选混合A
8228,宝盈研究精选混合C
8234,光大保德信消费主题股票
8244,上银鑫卓混合
8245,圆信永丰致优混合A
8246,圆信永丰致优混合C
8251,汇安宜创量化精选混合A
8252,汇安宜创量化精选混合C
8253,华宝致远混合(QDII)A
8254,华宝致远混合(QDII)C
8260,长城价值优选混合
8261,招商研究优选股票A
8262,招商研究优选股票C
8263,东方红品质优选定开混合
8264,南方ESG股票A
8265,南方ESG股票C
8269,大成睿享混合A
8270,大成睿享混合C
8271,大成优势企业混合A
8272,大成优势企业混合C
8273,广发优质生活混合
8274,大成行业先锋混合A
8275,大成行业先锋混合C
8276,财通资管价值发现混合
8277,财通资管行业精选混合
8283,易方达金融行业股票
8286,易方达研究精选股票
8290,华安现代生活混合
8293,农银汇理创新医疗混合
8297,广发价值优势混合
8303,宝盈龙头优选股票A
8304,宝盈龙头优选股票C
8305,大摩量化配置混合C
8306,方正富邦天璇混合A
8307,方正富邦天璇混合C
8308,华夏见龙精选混合
8313,光大保德信研究精选混合
8318,博道久航混合A
8319,博道久航混合C
8324,宝盈祥利稳健配置混合A
8325,宝盈祥利稳健配置混合C
8328,诺安新兴产业混合
8347,中信建投甄选混合A
8348,中信建投甄选混合C
8353,泰达宏利消费混合A
8354,泰达宏利消费混合C
8359,华安医疗创新混合
8370,国泰研究精选两年持有混合
8371,华安汇智精选两年持有期混合
8372,富国阿尔法两年持有期混合
8375,中欧启航三年混合A
8376,中欧启航三年混合C
8378,兴全社会价值三年持有混合
8381,前海开源新兴产业混合
8387,银河臻选多策略混合C
8402,中泰中证可转债及可交债指数
8404,华泰紫金泰盈混合A
8405,华泰紫金泰盈混合C
8410,长盛价值发现股票
8416,鹏扬景瑞三年定开混合A
8417,鹏扬景瑞三年定开混合C
8418,惠升惠泽混合A
8419,惠升惠泽混合C
8420,广发招泰混合A
8421,广发招泰混合C
8436,长信中证转债及可交换债50指数C
8456,招商瑞阳混合A
8457,招商瑞阳混合C
8461,平安盈丰三个月持有混合(FOF)A
8462,平安盈丰三个月持有混合(F
8467,博道嘉瑞混合A
8468,博道嘉瑞混合C
8477,安信价值驱动三年持有混合
8479,景顺长城泰申回报混合
8488,华商恒益稳健混合
8499,鹏扬景科混合A
8500,鹏扬景科混合C
8507,交银内核驱动混合
8513,南方宝丰混合A
8514,南方宝丰混合C
8515,国富基本面优选混合
8518,弘毅远方经济新动力混合
8531,惠升惠民混合A
8532,惠升惠民混合C
8541,西部利得新享混合A
8542,西部利得新享混合C
8545,泓德丰润三年持有期混合
8547,博道安远6个月定开混合
8574,中加1-3年政金债指数
8592,天弘沪深300指数增强A
8593,天弘沪深300指数增强C
8629,大成景瑞稳健配置混合A
8630,大成景瑞稳健配置混合C
8633,万家科技创新混合A
8634,万家科技创新混合C
8635,华安科技创新混合
8638,广发科技创新混合
8655,招商科技创新混合A
8656,招商科技创新混合C
8657,景顺长城科技创新混合
8664,嘉实鑫和一年持有期混合A
8665,嘉实鑫和一年持有期混合C
8666,国泰鑫利一年持有期混合A
8667,国泰鑫利一年持有期混合C
8671,银华科技创新混合
8672,宝盈祥泽混合A
8673,宝盈祥泽混合C
8681,鹏华价值成长混合
8682,富国中证红利指数增强C
8704,广发高股息优享混合A
8705,广发高股息优享混合C
8706,建信富时100指数(QDI
8708,建信富时100指数(QDII)美元现汇C
8712,景顺长城品质成长混合
8716,鹏华优质回报两年定开混合
8734,交银科锐科技创新混合
8754,泰康睿福3月持有混合(FO
8763,天弘越南市场股票(QDII
8770,东方红安鑫甄选一年持有混合
8778,嘉实中证500指数增强A
8779,嘉实中证500指数增强C
8793,博道嘉元混合A
8794,博道嘉元混合C
8795,海富通阿尔法对冲混合C
8800,中融鑫优创混合A
8801,中融鑫优创混合C
8809,安信民稳增长混合A
8810,安信民稳增长混合C
8811,鹏华科技创新混合
8819,农银汇理策略趋势混合
8830,海富通安益对冲混合C
8831,海富通安益对冲混合A
8833,银华汇盈一年持有期混合A
8834,银华汇盈一年持有期混合C
8835,富国量化三个月持有期混合A
8836,富国量化三个月持有期混合C
8837,融通通益混合
8838,德邦量化对冲混合A
8839,德邦量化对冲混合C
8846,大成民稳增长混合A
8847,大成民稳增长混合C
8848,中融智选对冲3个月定开混合
8854,南方内需增长两年股票A
8855,南方内需增长两年股票C
8860,民生加银龙头优选股票
8866,博时产业新趋势混合A
8867,博时产业新趋势混合C
8869,大成恒享混合A
8870,大成恒享混合C
8886,民生卓越配置6个月混合(FOF)
8891,安信价值成长混合A
8892,安信价值成长混合C
8893,创金合信鑫利混合A
8894,创金合信鑫利混合C
8895,申万菱信量化对冲策略混合
8901,富国内需增长混合
8903,广发科技先锋混合
8909,创金合信鑫益混合A
8910,创金合信鑫益混合C
8918,长信先锐混合C
8928,泰达消费红利指数A
8929,泰达消费红利指数C
8949,平安匠心优选混合A
8950,平安匠心优选混合C
8954,安信价值回报三年持有混合
8955,交银创新领航混合
8956,鹏华中债3-5年国开债指数A
8957,鹏华中债3-5年国开债指数
8958,嘉实回报精选股票
8960,长信国防军工量化混合C
8961,华商科技创新混合
8962,建信科技创新混合A
8963,建信科技创新混合C
8966,博时成长优选两年封闭混合A
8967,博时成长优选两年封闭混合C
8969,睿远均衡价值三年持有混合A
8970,睿远均衡价值三年持有混合C
8972,大成恒生综合中小型股指数C
8973,大成中华沪深港300指数(
8978,银华长丰混合发起式
8979,万家民丰回报一年持有混合
8980,中邮科技创新精选混合A
8981,中邮科技创新精选混合C
8985,东方红启东三年持有混合
8988,大成科技创新混合A
8989,大成科技创新混合C
8990,东方红匠心甄选一年持有混合
8991,申万菱信安鑫慧选混合A
8992,申万菱信安鑫慧选混合C
8997,同泰竞争优势混合A
8998,同泰竞争优势混合C
9005,创金合信鑫祺混合A
9006,创金合信鑫祺混合C
9007,兴全沪港深两年持有混合
9008,平安科技创新混合A
9009,平安科技创新混合C
9010,华夏兴阳一年持有混合
9011,华夏睿阳一年持有混合
9014,泓德睿泽混合
9017,银华港股通精选股票发起式
9020,中欧睿尚定期开放混合C
9023,鹏华稳健回报混合
9024,海富通科技创新混合C
9025,海富通科技创新混合A
9026,中银高质量发展机遇混合
9031,工银聚和一年定开混合A
9032,工银聚和一年定开混合C
9048,浦银安盛科创三年封闭混合
9049,易方达高端制造混合
9054,圆信永丰沣泰混合
9057,博时科技创新混合A
9058,博时科技创新混合C
9062,财通智慧成长混合A
9063,财通智慧成长混合C
9064,鹏扬景沃六个月持有期混合A
9065,鹏扬景沃六个月持有期混合C
9071,德邦安鑫混合A
9072,德邦安鑫混合C
9076,工银圆兴混合
9077,红土创新稳进混合A
9078,红土创新稳进混合C
9085,银华丰享一年持有期混合
9086,鹏华价值共赢两年持有期混合
9096,鹏华安泽混合A
9097,鹏华安泽混合C
9098,景顺长城价值领航混合
9100,安信稳健增利混合A
9101,安信稳健增利混合C
9106,嘉合同顺智选股票A
9107,嘉合同顺智选股票C
9108,富国红利精选混合(QDII)人民币
9111,博远双债增利混合A
9112,博远双债增利混合C
9121,广发招享混合
9124,华泰保兴科荣混合A
9125,华泰保兴科荣混合C
9126,嘉实基础产业优选股票A
9127,嘉实基础产业优选股票C
9128,明亚价值长青混合A
9129,明亚价值长青混合C
9130,鹏扬景恒六个月持有混合A
9131,鹏扬景恒六个月持有混合C
9133,汇安嘉利一年封闭混合A
9134,汇安嘉利一年封闭混合C
9135,广发恒隆一年持有混合A
9136,广发恒隆一年持有混合C
9137,嘉实瑞和两年持有期混合
9140,永赢竞争力精选混合
9143,上投摩根养老一年混合(FOF)
9144,博时荣升稳健添利混合A
9145,博时荣升稳健添利混合C
9146,新华精选成长3个月混合(F
9149,富国绝对收益多策略混合C
9152,南方瑞盛三年混合A
9153,南方瑞盛三年混合C
9161,上投锦程养老五年混合(FOF)
9162,富国医药成长30股票
9163,广发医疗保健股票C
9169,湘财长兴灵活配置混合A
9170,湘财长兴灵活配置混合C
9189,华宝成长策略混合
9190,景顺长城核心优选混合
9193,富国红利精选混合(QDII)美元
9215,易方达瑞川混合A
9216,易方达瑞川混合C
9217,博时荣丰回报三年封闭混合A
9218,博时荣丰回报三年封闭混合C
9239,融通人工智能指数(LOF)C
9241,融通领先成长混合(LOF)C
9265,易方达消费精选股票
20003,国泰金龙行业混合
20005,国泰金马稳健混合
20009,国泰金鹏蓝筹混合
40015,华安动态灵活配置混合
40018,华安香港精选股票(QDII
40021,华安大中华升级股票
50007,博时平衡配置混合
50012,博时策略混合
50022,博时回报混合
70010,嘉实主题混合
80001,长盛成长价值混合
80002,长盛创新先锋混合
80006,长盛环球行业混合(QDII)
90001,大成价值增长混合
90003,大成蓝筹稳健混合
90004,大成精选增值混合
90010,大成中证红利指数A
90015,大成内需增长混合A
96001,大成标普500等权重指数
100022,富国天瑞强势混合
100032,富国中证红利指数增强A
110001,易方达平稳增长混合
110002,易方达策略成长混合
110005,易方达积极成长混合
110022,易方达消费行业股票
112002,易方达策略成长二号混合
118001,易方达亚洲精选股票
121006,国投瑞银稳健增长混合
150012,国联安双禧A中证100指数
150013,国联安双禧B中证100指数
150030,银华中证等权90指数金利
150031,银华中证等权90指数鑫利
150055,工银中证500指数A
150056,工银中证500指数B
150149,信诚中证800医药指数分级B
150158,信诚中证800金融指数分级B
150164,东吴中证可转换债券指数分级
150194,富国中证移动互联网指数分级A
150195,富国中证移动互联网指数分级B
151001,银河稳健混合
160125,南方香港优选股票
160133,南方天元新产业股票(LOF)
160219,国泰国证医药卫生行业指数分
160222,国泰国证食品饮料行业指数分级
160311,华夏蓝筹混合(LOF)
160527,博时研究优选混合A
160528,博时研究优选混合C
160605,鹏华中国50混合
160610,鹏华动力增长混合(LOF)
160615,鹏华沪深300指数(LOF)A
160616,鹏华中证500指数(LOF)A
160627,鹏华策略优选灵活配置混合
160630,鹏华中证国防指数分级
160643,鹏华空天军工指数(LOF)
160644,鹏华港美互联股票人民币
160645,鹏华精选回报三年定开混合
160805,长盛同智优势混合(LOF)
160807,长盛沪深300指数(LOF)
160910,大成创新成长混合(LOF)
160919,大成产业升级股票(LOF)
160922,大成恒生综合中小型股指数A
161017,富国中证500指数(LOF)
161026,富国中证国有企业改革指数分级
161027,富国中证全指证券公司指数分级
161029,富国中证银行指数
161118,易方达中小板指数(LOF)
161207,国投瑞银沪深300指数分级
161213,国投瑞银中证消费服务指数
161217,国投瑞银中证资源指数
161224,国投瑞银新丝路混合(LOF
161604,融通深证100指数A
161607,融通巨潮100指数A(LOF)
161720,招商中证全指证券公司指数分级
161729,招商3年封闭瑞利混合
161812,银华深证100指数分级
161816,银华中证等权90指数分级
161818,银华消费主题混合
161834,银华鑫锐灵活配置混合(LOF)
161837,银华大盘两年定开混合
162102,金鹰中小盘精选混合
162216,泰达中证500指数增强(LOF)
162509,国联安双禧中证100指数
162703,广发小盘成长混合(LOF)A
163111,申万菱信中小板指数(LOF)A
163114,申万菱信中证环保产业指数分
163119,申万中证申万新兴健康产业指数A
163209,诺安创业板指数增强(LOF
163417,兴全合宜混合(LOF)A
163801,中银中国混合(LOF)
163807,中银优选混合
163808,中银中证100指数增强
163809,中银蓝筹混合
163810,中银价值混合
164508,国富中证100指数增强(LOF)
164811,工银中证京津冀协同发展指数A
164825,工银中证京津冀协同发展指数C
165309,建信沪深300指数(LOF)
165310,建信双利分级股票
166006,中欧行业成长混合(LOF)A
166011,中欧盛世成长混合(LOF)A
166025,中欧远见两年定开混合A
166107,信达澳银量化多因子混合(LOF)A
166108,信达澳银量化多因子混合(LOF)C
166801,浙商聚潮新思维混合
167506,安信深圳科技指数(LOF)
167507,安信深圳科技指数(LOF)C
167508,安信价值发现两年定开混合(LOF)
168104,九泰锐丰灵活配置混合(LOF)A
168107,九泰盈华量化混合(LOF)
168108,九泰锐诚混合(LOF)
168701,合煦智远金融科技指数(LOF)A
168702,合煦智远金融科技指数(LO
169103,东方红睿轩三年定开混合
169104,东方红睿满沪港深混合(LOF)
169105,东方红睿华沪港深混合(LOF)
169107,东方红恒阳五年定开混合
169108,东方红均衡优选定开混合
180001,银华优势企业混合
180002,银华增值混合
180020,银华成长先锋混合
200011,长城景气行业龙头混合
202001,南方稳健成长混合
202002,南方稳健成长贰号混合
210002,金鹰红利价值混合
213001,宝盈鸿利收益灵活配置混合A
213010,宝盈中证100指数增强A
217002,招商安泰平衡混合
217005,招商先锋混合
217021,招商优势企业混合
233015,大摩量化配置混合A
240014,华宝中证100指数A
255010,国联安稳健混合
257010,国联安小盘精选混合
260103,景顺长城动力平衡混合
270002,广发稳健增长混合
270006,广发策略优选混合
270023,广发全球精选股票(QDII)
290002,泰信先行策略混合
290005,泰信优势增长混合
290010,泰信中证200指数
320006,诺安灵活配置混合
320018,诺安新动力混合
350001,天治财富增长混合
350007,天治趋势精选混合
360011,光大动态优选混合
370023,上投摩根中证消费服务指数
375010,上投摩根中国优势混合
376510,上投摩根大盘蓝筹股票
398021,中海能源策略混合
398031,中海蓝筹混合
399001,中海上证50指数增强
400013,东方成长收益灵活配置混合A
400020,东方成长回报平衡混合
410001,华富竞争力优选混合
410006,华富策略精选混合
410007,华富价值增长混合
450008,国富沪深300指数增强
450009,国富中小盘股票
457001,国富亚洲机会股票(QDII)
470006,汇添富医药保健混合A
470007,汇添富上证综合指数
470009,汇添富民营活力混合A
470021,汇添富优选回报灵活配置混合A
486001,工银全球股票(QDII)
486002,工银全球精选股票(QDII
501001,财通多策略精选混合(LOF
501011,汇添富中证中药指数(LOF)A
501012,汇添富中证中药指数(LOF)C
501015,财通多策略升级混合(LOF)
501017,国泰融丰外延增长混合(LO
501022,银华鑫盛灵活配置混合(LOF)
501026,财通多策略福享混合(LOF
501028,财通多策略福瑞混合(LOF)
501029,华宝标普中国A股红利机会指数A
501032,财通福盛混合发起(LOF)
501039,汇添富睿丰混合(LOF)A
501040,汇添富睿丰混合(LOF)C
501073,华安科创主题混合
501075,万家科创3年封闭混合A
501076,鹏华科创3年封闭混合
501077,富国科创主题混合
501078,广发科创主题3年封闭混合
501079,大成科创主题3年封闭混合
501080,中金科创主题3年封闭混合
501081,中欧科创主题3年封闭混合
501082,博时科创主题3年封闭混合
501083,银华科创主题3年封闭混合
501085,财通科创主题3年封闭混合
501087,交银瑞丰三年封闭混合
501088,嘉实瑞虹三年定期混合
501089,方正富邦消费红利指数增强(LOF)
501090,华宝中证消费龙头指数(LOF)
501091,嘉实瑞熙三年封闭运作混合A
501092,交银瑞思三年封闭运作混合
501093,华夏翔阳两年定开混合
501095,中银证券科创3年封闭混合
501096,国联安科创3年封闭混合
501097,国寿安保科创3年封闭混合
501098,建信科技创新3年封闭混合
501099,平安科技创新3年封闭混合
501200,民生加银科创3年封闭混合
501309,国泰恒生港股通指数(LOF)
502000,西部利得中证500指数增强
502020,国金上证50指数增强(LOF)
510160,中证南方小康产业指数ETF
519003,海富通收益增长混合
519008,汇添富优势精选混合
519011,海富通精选混合
519015,海富通精选贰号混合
519062,海富通阿尔法对冲混合A
519066,汇添富蓝筹稳健混合
519069,汇添富价值精选混合A
519100,长盛中证100指数
519113,浦银安盛精致生活混合
519116,浦银安盛沪深300指数增强
519120,浦银安盛新兴产业混合
519165,新华鑫利灵活配置混合
519181,万家和谐增长混合
519197,万家颐达灵活配置混合
519198,万家颐和灵活配置混合
519606,国泰金鑫股票
519671,银河沪深300价值指数
519696,交银环球精选混合(QDII)
519755,交银多策略回报灵活配置混合A
519766,交银荣鑫灵活配置混合
519937,长信先锐混合A
519949,长信利信混合A
519951,长信利泰灵活配置混合A
519981,长信标普100等权重指数
530005,建信优化配置混合
530016,建信恒稳价值混合
530018,建信深证100指数增强
539001,建信全球机遇混合(QDII)
540001,汇丰晋信2016周期混合
540003,汇丰晋信动态策略混合A
540008,汇丰晋信低碳先锋股票
540009,汇丰晋信消费红利股票
540010,汇丰晋信科技先锋股票
550003,中信保诚盛世蓝筹混合
560002,益民红利成长混合
560003,益民创新优势混合
571002,诺德灵活配置混合
590003,中邮核心优势灵活配置混合
590007,中邮中证500指数增强A
610002,信达澳银精华配置混合
630001,华商领先企业混合
630016,华商价值共享混合发起式
660001,农银行业成长混合A
660003,农银平衡双利混合
660011,农银中证500指数
660012,农银消费主题混合A
690001,民生加银品牌蓝筹混合
730002,方正富邦红利精选混合A
860010,光大阳光对冲6个月混合A
860028,光大阳光对冲6个月混合B
860029,光大阳光对冲6个月混合C
900003,中信证券臻选价值成长混合A
900079,中信证券臻选价值成长混合C
910007,东方红启元三年持有混合A
952004,国泰君安君得明混合
952009,国泰君安君得鑫混合A
952035,国泰君安君得诚混合
952099,国泰君安君得鑫混合C